date,tactic,state,campaign,impression,clicks,spend,attributed revenue
2025-05-16,ASC,NY,Facebook - ASC - C01,124603,1888,1442.28,4706.23
2025-05-17,ASC,NY,Facebook - ASC - C01,139596,2086,1235.47,3674.32
2025-05-18,ASC,NY,Facebook - ASC - C01,167700,2635,1169.83,3317.04
2025-05-19,ASC,NY,Facebook - ASC - C01,132781,2045,1775.26,5250.54
2025-05-20,ASC,NY,Facebook - ASC - C01,115201,1634,987.1,2409.58
2025-05-21,ASC,NY,Facebook - ASC - C01,101433,1500,994.24,2607.73
2025-05-22,ASC,NY,Facebook - ASC - C01,364349,5045,3057.92,9265.95
2025-05-23,ASC,NY,Facebook - ASC - C01,161201,2410,2246.92,6257.68
2025-05-24,ASC,NY,Facebook - ASC - C01,194041,2937,1629.88,4530.73
2025-05-25,ASC,NY,Facebook - ASC - C01,258008,4161,2689.69,7821.79
2025-05-26,ASC,NY,Facebook - ASC - C01,227064,3122,2608.66,6682.26
2025-05-27,ASC,NY,Facebook - ASC - C01,205140,2828,2752.07,7824.42
2025-05-28,ASC,NY,Facebook - ASC - C01,274009,3830,2057.01,5551.02
2025-05-29,ASC,NY,Facebook - ASC - C01,362869,5502,3587.44,10916.51
2025-05-30,ASC,NY,Facebook - ASC - C01,173645,2552,2221.42,6107.35
2025-05-31,ASC,NY,Facebook - ASC - C01,183112,2798,1964.58,5195.72
2025-06-01,ASC,NY,Facebook - ASC - C01,207865,3222,1318.24,3550.39
2025-06-02,ASC,NY,Facebook - ASC - C01,88685,1422,990.18,2627.67
2025-06-03,ASC,NY,Facebook - ASC - C01,136907,2189,1204.86,3460.55
2025-06-04,ASC,NY,Facebook - ASC - C01,168633,2278,2535.25,6341.69
2025-06-05,ASC,NY,Facebook - ASC - C01,269120,4427,2197.12,6647.5
2025-06-06,ASC,NY,Facebook - ASC - C01,199471,3130,1483.14,4831.43
2025-06-07,ASC,NY,Facebook - ASC - C01,199427,2815,1933.81,4657.49
2025-06-08,ASC,NY,Facebook - ASC - C01,156132,2542,1633.47,5040.63
2025-06-09,ASC,NY,Facebook - ASC - C01,196833,3153,1523.35,3914.97
2025-06-10,ASC,NY,Facebook - ASC - C01,188667,2924,1343,4280.36
2025-06-11,ASC,NY,Facebook - ASC - C01,99181,1567,957.23,2833.2
2025-06-12,ASC,NY,Facebook - ASC - C01,96781,1404,1363.99,4002.28
2025-06-13,ASC,NY,Facebook - ASC - C01,164254,2427,1594.02,4190.08
2025-06-14,ASC,NY,Facebook - ASC - C01,131896,1966,1481.94,4395.67
2025-06-15,ASC,NY,Facebook - ASC - C01,114285,1789,1066.97,2600.54
2025-06-16,ASC,NY,Facebook - ASC - C01,194886,2650,2317.86,5778.1
2025-06-17,ASC,NY,Facebook - ASC - C01,186481,3075,2300.16,5786.03
2025-06-18,ASC,NY,Facebook - ASC - C01,140242,2171,948.94,2652.16
2025-06-19,ASC,NY,Facebook - ASC - C01,139746,2088,1004.31,3006.39
2025-06-20,ASC,NY,Facebook - ASC - C01,257625,3800,3395.33,11143.28
2025-06-21,ASC,NY,Facebook - ASC - C01,164949,2475,1276.54,3163.95
2025-06-22,ASC,NY,Facebook - ASC - C01,123672,1758,1663,3938.73
2025-06-23,ASC,NY,Facebook - ASC - C01,163100,2508,982.86,3115.8
2025-06-24,ASC,NY,Facebook - ASC - C01,193416,2667,2048.86,5627.95
2025-06-25,ASC,NY,Facebook - ASC - C01,138038,2047,1589.5,4226.82
2025-06-26,ASC,NY,Facebook - ASC - C01,206182,3186,2411.62,6281.64
2025-06-27,ASC,NY,Facebook - ASC - C01,136431,1929,883.72,2357.68
2025-06-28,ASC,NY,Facebook - ASC - C01,116488,1671,934.11,2518.66
2025-06-29,ASC,NY,Facebook - ASC - C01,210319,3024,2105.02,6261.03
2025-06-30,ASC,NY,Facebook - ASC - C01,121667,1689,1351.45,4213.11
2025-07-01,ASC,NY,Facebook - ASC - C01,219863,3600,2229.93,6230.74
2025-07-02,ASC,NY,Facebook - ASC - C01,246486,3438,3554.31,10572.13
2025-07-03,ASC,NY,Facebook - ASC - C01,175794,2754,977.16,2604.92
2025-07-04,ASC,NY,Facebook - ASC - C01,197017,2875,2060.84,5333.31
2025-07-05,ASC,NY,Facebook - ASC - C01,133370,1968,1394.65,4187.16
2025-07-06,ASC,NY,Facebook - ASC - C01,294259,4463,2651.6,7697.45
2025-07-07,ASC,NY,Facebook - ASC - C01,106236,1707,715.49,2197.48
2025-07-08,ASC,NY,Facebook - ASC - C01,129236,1980,1561.77,4129.62
2025-07-09,ASC,NY,Facebook - ASC - C01,156317,2224,2282.72,6183.83
2025-07-10,ASC,NY,Facebook - ASC - C01,303377,4345,2244.56,6186.55
2025-07-11,ASC,NY,Facebook - ASC - C01,229461,3758,2042.67,4962.26
2025-07-12,ASC,NY,Facebook - ASC - C01,266579,3715,1833.05,4955.2
2025-07-13,ASC,NY,Facebook - ASC - C01,234512,3318,2021.92,5667.66
2025-07-14,ASC,NY,Facebook - ASC - C01,124700,1887,1559.25,4352.1
2025-07-15,ASC,NY,Facebook - ASC - C01,240654,3394,3002.52,8873.42
2025-07-16,ASC,NY,Facebook - ASC - C01,226529,3284,3184.95,9829.64
2025-07-17,ASC,NY,Facebook - ASC - C01,158611,2526,1629.57,3936.77
2025-07-18,ASC,NY,Facebook - ASC - C01,99173,1620,939.47,2447.45
2025-07-19,ASC,NY,Facebook - ASC - C01,105099,1685,969.55,3010.36
2025-07-20,ASC,NY,Facebook - ASC - C01,147625,2396,975.84,2703.99
2025-07-21,ASC,NY,Facebook - ASC - C01,184911,2839,1692.21,4175.76
2025-07-22,ASC,NY,Facebook - ASC - C01,158511,2312,2049.73,5632.21
2025-07-23,ASC,NY,Facebook - ASC - C01,136826,2246,1866.98,5420.45
2025-07-24,ASC,NY,Facebook - ASC - C01,228762,3265,1451.79,3747.95
2025-07-25,ASC,NY,Facebook - ASC - C01,179362,2659,1640.77,4989.77
2025-07-26,ASC,NY,Facebook - ASC - C01,133497,1810,1911.35,5005.31
2025-07-27,ASC,NY,Facebook - ASC - C01,161395,2499,2074.76,4724.8
2025-07-28,ASC,NY,Facebook - ASC - C01,261169,4082,3475.86,9407.92
2025-07-29,ASC,NY,Facebook - ASC - C01,211538,3004,2391.51,6092.28
2025-07-30,ASC,NY,Facebook - ASC - C01,257560,3662,2907.33,7975.97
2025-07-31,ASC,NY,Facebook - ASC - C01,192181,2617,2196.53,5473.56
2025-08-01,ASC,NY,Facebook - ASC - C01,166045,2607,1727.02,4515.05
2025-08-02,ASC,NY,Facebook - ASC - C01,277450,3855,3318.72,10125.26
2025-08-03,ASC,NY,Facebook - ASC - C01,165132,2229,2461.21,7693.04
2025-08-04,ASC,NY,Facebook - ASC - C01,146288,2147,1734.71,5429.21
2025-08-05,ASC,NY,Facebook - ASC - C01,257120,3800,2352.45,6823.01
2025-08-06,ASC,NY,Facebook - ASC - C01,139431,2131,1443.9,3909.96
2025-08-07,ASC,NY,Facebook - ASC - C01,124245,1907,1260.81,3018.67
2025-08-08,ASC,NY,Facebook - ASC - C01,142972,2052,1757.12,4436.31
2025-08-09,ASC,NY,Facebook - ASC - C01,175004,2686,1169.05,3038.98
2025-08-10,ASC,NY,Facebook - ASC - C01,356260,5527,2857.13,8265.75
2025-08-11,ASC,NY,Facebook - ASC - C01,217611,3173,2763.36,6696.77
2025-08-12,ASC,NY,Facebook - ASC - C01,202106,2835,2142.56,5465.45
2025-08-13,ASC,NY,Facebook - ASC - C01,267859,3751,2688.73,7063.32
2025-08-14,ASC,NY,Facebook - ASC - C01,251582,3789,1467.38,4469.44
2025-08-15,ASC,NY,Facebook - ASC - C01,174773,2591,1429.5,4531.43
2025-08-16,ASC,NY,Facebook - ASC - C01,198503,3191,2776.96,8488.78
2025-08-17,ASC,NY,Facebook - ASC - C01,231269,3631,2616.37,7441.92
2025-08-18,ASC,NY,Facebook - ASC - C01,271320,3861,2603.25,6808.93
2025-08-19,ASC,NY,Facebook - ASC - C01,172653,2603,1706.28,4619.34
2025-08-20,ASC,NY,Facebook - ASC - C01,160306,2465,1462.36,3786.93
2025-08-21,ASC,NY,Facebook - ASC - C01,230522,3573,1728.74,5260.78
2025-08-22,ASC,NY,Facebook - ASC - C01,135923,2219,1681.86,5524.03
2025-08-23,ASC,NY,Facebook - ASC - C01,129750,1962,1878.48,5167.81
2025-08-24,ASC,NY,Facebook - ASC - C01,108025,1516,1001.78,2804.87
2025-08-25,ASC,NY,Facebook - ASC - C01,250772,3732,2784.36,9098.13
2025-08-26,ASC,NY,Facebook - ASC - C01,169995,2410,2268.09,6178.77
2025-08-27,ASC,NY,Facebook - ASC - C01,181302,2597,1160.83,3805.58
2025-08-28,ASC,NY,Facebook - ASC - C01,151500,2343,1949.71,5145.42
2025-08-29,ASC,NY,Facebook - ASC - C01,151762,2152,1654.67,5365.97
2025-08-30,ASC,NY,Facebook - ASC - C01,240992,3806,1486.07,4725.19
2025-08-31,ASC,NY,Facebook - ASC - C01,490463,7104,4653.5,12909.59
2025-09-01,ASC,NY,Facebook - ASC - C01,288032,3954,2818.02,7657.88
2025-09-02,ASC,NY,Facebook - ASC - C01,186019,3016,1633.14,4075.26
2025-09-03,ASC,NY,Facebook - ASC - C01,95505,1511,1006.12,3145.47
2025-09-04,ASC,NY,Facebook - ASC - C01,181497,2783,2526.09,6778.1
2025-09-05,ASC,NY,Facebook - ASC - C01,203139,3349,1915.12,5583.06
2025-09-06,ASC,NY,Facebook - ASC - C01,195151,3026,1555.25,4306.78
2025-09-07,ASC,NY,Facebook - ASC - C01,143682,1951,1589.09,4734.45
2025-09-08,ASC,NY,Facebook - ASC - C01,235507,3648,2637.82,8243.75
2025-09-09,ASC,NY,Facebook - ASC - C01,197297,3074,1519.26,4502.77
2025-09-10,ASC,NY,Facebook - ASC - C01,145158,2285,1059.02,3066.82
2025-09-11,ASC,NY,Facebook - ASC - C01,182675,2793,2217.28,7259.89
2025-09-12,ASC,NY,Facebook - ASC - C01,411405,6684,4700.5,12428.81
2025-05-16,Prospecting,NY,Facebook - Prospecting - C02,256350,2838,3181.96,8346.97
2025-05-17,Prospecting,NY,Facebook - Prospecting - C02,136012,1673,1554.35,4034.35
2025-05-18,Prospecting,NY,Facebook - Prospecting - C02,214040,2793,1575.7,4317.8
2025-05-19,Prospecting,NY,Facebook - Prospecting - C02,109150,1271,820.33,2332.67
2025-05-20,Prospecting,NY,Facebook - Prospecting - C02,169409,1876,1050.86,2967.2
2025-05-21,Prospecting,NY,Facebook - Prospecting - C02,228861,2934,1637.05,3522.86
2025-05-22,Prospecting,NY,Facebook - Prospecting - C02,149642,1733,1026.93,2325.92
2025-05-23,Prospecting,NY,Facebook - Prospecting - C02,315676,3645,2903.97,6160.64
2025-05-24,Prospecting,NY,Facebook - Prospecting - C02,174302,1995,2369.93,6132.6
2025-05-25,Prospecting,NY,Facebook - Prospecting - C02,223912,2652,1858.88,3871.61
2025-05-26,Prospecting,NY,Facebook - Prospecting - C02,126880,1623,1039.57,2349.37
2025-05-27,Prospecting,NY,Facebook - Prospecting - C02,122615,1612,1033.59,2217.42
2025-05-28,Prospecting,NY,Facebook - Prospecting - C02,228681,2641,3096.46,7198.91
2025-05-29,Prospecting,NY,Facebook - Prospecting - C02,162474,1852,1196.15,3264.51
2025-05-30,Prospecting,NY,Facebook - Prospecting - C02,165656,2023,1937.76,4758.48
2025-05-31,Prospecting,NY,Facebook - Prospecting - C02,339824,3682,2610.02,6253.16
2025-06-01,Prospecting,NY,Facebook - Prospecting - C02,195634,2393,1861.8,5052.46
2025-06-02,Prospecting,NY,Facebook - Prospecting - C02,231483,3039,2860.19,6029.9
2025-06-03,Prospecting,NY,Facebook - Prospecting - C02,150918,1935,1514.71,3730.26
2025-06-04,Prospecting,NY,Facebook - Prospecting - C02,216997,2465,1300.35,3177.86
2025-06-05,Prospecting,NY,Facebook - Prospecting - C02,279706,3530,3024.43,7335.99
2025-06-06,Prospecting,NY,Facebook - Prospecting - C02,145510,1832,1874.03,4503.86
2025-06-07,Prospecting,NY,Facebook - Prospecting - C02,263274,3065,1865.18,3750.58
2025-06-08,Prospecting,NY,Facebook - Prospecting - C02,401221,5148,3319.15,8666.68
2025-06-09,Prospecting,NY,Facebook - Prospecting - C02,142975,1876,1030.41,2840.48
2025-06-10,Prospecting,NY,Facebook - Prospecting - C02,157197,2022,1291.5,3272.68
2025-06-11,Prospecting,NY,Facebook - Prospecting - C02,219506,2842,2650.41,6329.06
2025-06-12,Prospecting,NY,Facebook - Prospecting - C02,237077,2573,2399.87,4971.08
2025-06-13,Prospecting,NY,Facebook - Prospecting - C02,148054,1950,1304.67,2689.69
2025-06-14,Prospecting,NY,Facebook - Prospecting - C02,183249,1986,1106.81,2900.14
2025-06-15,Prospecting,NY,Facebook - Prospecting - C02,247108,3116,2113.51,5475.75
2025-06-16,Prospecting,NY,Facebook - Prospecting - C02,230331,2890,2386.25,4813.26
2025-06-17,Prospecting,NY,Facebook - Prospecting - C02,165275,2179,1399.14,3157.05
2025-06-18,Prospecting,NY,Facebook - Prospecting - C02,236475,2916,1518.92,3529.92
2025-06-19,Prospecting,NY,Facebook - Prospecting - C02,60146,721,522.39,1220.1
2025-06-20,Prospecting,NY,Facebook - Prospecting - C02,110028,1353,873.81,2052.49
2025-06-21,Prospecting,NY,Facebook - Prospecting - C02,95616,1125,1164.02,2647.48
2025-06-22,Prospecting,NY,Facebook - Prospecting - C02,174295,2012,1866.13,3997.94
2025-06-23,Prospecting,NY,Facebook - Prospecting - C02,125209,1514,921.61,2094.76
2025-06-24,Prospecting,NY,Facebook - Prospecting - C02,164163,1910,949.82,1992.65
2025-06-25,Prospecting,NY,Facebook - Prospecting - C02,231118,2773,1400.64,3374.69
2025-06-26,Prospecting,NY,Facebook - Prospecting - C02,101915,1126,1105.74,2474.66
2025-06-27,Prospecting,NY,Facebook - Prospecting - C02,155819,1687,1462.67,3934.18
2025-06-28,Prospecting,NY,Facebook - Prospecting - C02,351307,4129,3616.36,7931.66
2025-06-29,Prospecting,NY,Facebook - Prospecting - C02,121742,1328,865.4,2158.4
2025-06-30,Prospecting,NY,Facebook - Prospecting - C02,152070,1658,1942.89,4184.87
2025-07-01,Prospecting,NY,Facebook - Prospecting - C02,125374,1555,1131.67,2896.43
2025-07-02,Prospecting,NY,Facebook - Prospecting - C02,280160,3127,2921.03,7576.78
2025-07-03,Prospecting,NY,Facebook - Prospecting - C02,162646,1948,2223,5428.92
2025-07-04,Prospecting,NY,Facebook - Prospecting - C02,127468,1464,1797.59,4467.61
2025-07-05,Prospecting,NY,Facebook - Prospecting - C02,151177,1993,1826.33,4040.93
2025-07-06,Prospecting,NY,Facebook - Prospecting - C02,273989,3011,2671.61,6139.26
2025-07-07,Prospecting,NY,Facebook - Prospecting - C02,507523,5810,4477.21,10317.19
2025-07-08,Prospecting,NY,Facebook - Prospecting - C02,195389,2133,2035.81,4802.09
2025-07-09,Prospecting,NY,Facebook - Prospecting - C02,218315,2513,1954.84,4001.98
2025-07-10,Prospecting,NY,Facebook - Prospecting - C02,119697,1313,1312.33,3582.69
2025-07-11,Prospecting,NY,Facebook - Prospecting - C02,175248,2090,2379.24,5610.44
2025-07-12,Prospecting,NY,Facebook - Prospecting - C02,184313,2164,2111.7,4403.98
2025-07-13,Prospecting,NY,Facebook - Prospecting - C02,266177,2980,2270.52,5114.02
2025-07-14,Prospecting,NY,Facebook - Prospecting - C02,249246,2922,2611.21,6336.65
2025-07-15,Prospecting,NY,Facebook - Prospecting - C02,189360,2488,2535.21,7148.1
2025-07-16,Prospecting,NY,Facebook - Prospecting - C02,222564,2522,2780.72,5878.44
2025-07-17,Prospecting,NY,Facebook - Prospecting - C02,111941,1220,1311.11,3415.87
2025-07-18,Prospecting,NY,Facebook - Prospecting - C02,184319,2361,1859.43,4992.36
2025-07-19,Prospecting,NY,Facebook - Prospecting - C02,321352,3716,1939.7,3904.67
2025-07-20,Prospecting,NY,Facebook - Prospecting - C02,153392,1838,851.21,2070.99
2025-07-21,Prospecting,NY,Facebook - Prospecting - C02,158356,1983,2098.52,4266.18
2025-07-22,Prospecting,NY,Facebook - Prospecting - C02,124933,1411,765.21,1660.4
2025-07-23,Prospecting,NY,Facebook - Prospecting - C02,136069,1701,1456.94,3837.36
2025-07-24,Prospecting,NY,Facebook - Prospecting - C02,218813,2740,2122.7,5671.52
2025-07-25,Prospecting,NY,Facebook - Prospecting - C02,163429,2144,1875.31,4225.98
2025-07-26,Prospecting,NY,Facebook - Prospecting - C02,280613,3225,3924.26,8392.48
2025-07-27,Prospecting,NY,Facebook - Prospecting - C02,166662,2170,1930.07,4210.88
2025-07-28,Prospecting,NY,Facebook - Prospecting - C02,78738,992,989.61,2361.15
2025-07-29,Prospecting,NY,Facebook - Prospecting - C02,123683,1549,1595.46,4332.61
2025-07-30,Prospecting,NY,Facebook - Prospecting - C02,119070,1381,1522.25,4303.36
2025-07-31,Prospecting,NY,Facebook - Prospecting - C02,189107,2140,1611.39,4086.44
2025-08-01,Prospecting,NY,Facebook - Prospecting - C02,161010,1940,1088.7,2987.76
2025-08-02,Prospecting,NY,Facebook - Prospecting - C02,159628,1885,1348.29,2807.29
2025-08-03,Prospecting,NY,Facebook - Prospecting - C02,204725,2504,1357.68,3591.03
2025-08-04,Prospecting,NY,Facebook - Prospecting - C02,230946,2723,2303.38,5761.64
2025-08-05,Prospecting,NY,Facebook - Prospecting - C02,328623,3886,2833.45,7186.37
2025-08-06,Prospecting,NY,Facebook - Prospecting - C02,180433,2276,2603.2,7066.4
2025-08-07,Prospecting,NY,Facebook - Prospecting - C02,193793,2558,1593.91,3739.88
2025-08-08,Prospecting,NY,Facebook - Prospecting - C02,102601,1314,825.14,1750.19
2025-08-09,Prospecting,NY,Facebook - Prospecting - C02,191278,2460,2356.72,5438.22
2025-08-10,Prospecting,NY,Facebook - Prospecting - C02,169601,1955,1883.04,4816.74
2025-08-11,Prospecting,NY,Facebook - Prospecting - C02,228151,2563,1844.9,5037.42
2025-08-12,Prospecting,NY,Facebook - Prospecting - C02,219834,2452,1987.63,4692.09
2025-08-13,Prospecting,NY,Facebook - Prospecting - C02,94136,1198,1012.92,2373.37
2025-08-14,Prospecting,NY,Facebook - Prospecting - C02,365257,3961,3845.39,7699.55
2025-08-15,Prospecting,NY,Facebook - Prospecting - C02,125398,1465,1614.45,3421.23
2025-08-16,Prospecting,NY,Facebook - Prospecting - C02,183475,2375,1302.18,2697.95
2025-08-17,Prospecting,NY,Facebook - Prospecting - C02,259374,3354,2578.26,6661.71
2025-08-18,Prospecting,NY,Facebook - Prospecting - C02,182605,2372,1604.05,4121.94
2025-08-19,Prospecting,NY,Facebook - Prospecting - C02,146142,1833,1897.27,5341.42
2025-08-20,Prospecting,NY,Facebook - Prospecting - C02,119915,1365,869.86,2466.38
2025-08-21,Prospecting,NY,Facebook - Prospecting - C02,120633,1329,841.73,1999.41
2025-08-22,Prospecting,NY,Facebook - Prospecting - C02,120231,1582,908.48,2532.38
2025-08-23,Prospecting,NY,Facebook - Prospecting - C02,166072,1829,1648.26,4467.19
2025-08-24,Prospecting,NY,Facebook - Prospecting - C02,341441,3776,3949.42,8967.73
2025-08-25,Prospecting,NY,Facebook - Prospecting - C02,79697,1013,772.1,1997.53
2025-08-26,Prospecting,NY,Facebook - Prospecting - C02,204284,2233,2972.93,8173.3
2025-08-27,Prospecting,NY,Facebook - Prospecting - C02,241419,3141,2035.35,4383.41
2025-08-28,Prospecting,NY,Facebook - Prospecting - C02,272435,3121,3479.69,7603.91
2025-08-29,Prospecting,NY,Facebook - Prospecting - C02,169564,2164,1901.04,4338.64
2025-08-30,Prospecting,NY,Facebook - Prospecting - C02,195142,2474,1892.86,5110.79
2025-08-31,Prospecting,NY,Facebook - Prospecting - C02,129890,1414,1733.73,4125.71
2025-09-01,Prospecting,NY,Facebook - Prospecting - C02,234122,2781,2817.06,7546.77
2025-09-02,Prospecting,NY,Facebook - Prospecting - C02,180465,2182,1521.57,3388.53
2025-09-03,Prospecting,NY,Facebook - Prospecting - C02,244905,3045,2929.81,6539.89
2025-09-04,Prospecting,NY,Facebook - Prospecting - C02,305086,3594,3689.35,9892
2025-09-05,Prospecting,NY,Facebook - Prospecting - C02,227391,2839,1252.12,2591.91
2025-09-06,Prospecting,NY,Facebook - Prospecting - C02,166069,2103,1382.44,3128.57
2025-09-07,Prospecting,NY,Facebook - Prospecting - C02,248776,2908,2524.95,5323.16
2025-09-08,Prospecting,NY,Facebook - Prospecting - C02,161903,2137,1690.25,4018.86
2025-09-09,Prospecting,NY,Facebook - Prospecting - C02,344137,3804,2666.59,7169.27
2025-09-10,Prospecting,NY,Facebook - Prospecting - C02,222706,2632,2233.39,4712.47
2025-09-11,Prospecting,NY,Facebook - Prospecting - C02,271375,3056,2084.7,4767.24
2025-09-12,Prospecting,NY,Facebook - Prospecting - C02,286259,3157,3929.82,9394.77
2025-05-16,Prospecting,NY,Facebook - Prospecting - C03,167543,2060,1186.48,2750.87
2025-05-17,Prospecting,NY,Facebook - Prospecting - C03,129769,1570,1423.57,3917.57
2025-05-18,Prospecting,NY,Facebook - Prospecting - C03,107831,1234,1337.6,3439.31
2025-05-19,Prospecting,NY,Facebook - Prospecting - C03,232649,2664,3465.87,7393.95
2025-05-20,Prospecting,NY,Facebook - Prospecting - C03,160577,1791,1724.63,4152.58
2025-05-21,Prospecting,NY,Facebook - Prospecting - C03,88673,1132,1166.24,3041.6
2025-05-22,Prospecting,NY,Facebook - Prospecting - C03,196134,2183,1244.9,2544.18
2025-05-23,Prospecting,NY,Facebook - Prospecting - C03,104808,1280,751.92,1850.15
2025-05-24,Prospecting,NY,Facebook - Prospecting - C03,230031,2615,1890.05,4473.58
2025-05-25,Prospecting,NY,Facebook - Prospecting - C03,151206,1892,1122.21,2913.13
2025-05-26,Prospecting,NY,Facebook - Prospecting - C03,89811,1157,726.7,1838.46
2025-05-27,Prospecting,NY,Facebook - Prospecting - C03,170658,2109,1869.5,4132.64
2025-05-28,Prospecting,NY,Facebook - Prospecting - C03,116842,1456,1015.78,2865.98
2025-05-29,Prospecting,NY,Facebook - Prospecting - C03,161418,1984,2022.76,5081.45
2025-05-30,Prospecting,NY,Facebook - Prospecting - C03,151220,1863,1368.93,2914.07
2025-05-31,Prospecting,NY,Facebook - Prospecting - C03,109443,1402,1432.96,4015.79
2025-06-01,Prospecting,NY,Facebook - Prospecting - C03,83409,968,492.98,1066
2025-06-02,Prospecting,NY,Facebook - Prospecting - C03,90751,1139,684.11,1748.25
2025-06-03,Prospecting,NY,Facebook - Prospecting - C03,182790,2375,1716.68,4221.97
2025-06-04,Prospecting,NY,Facebook - Prospecting - C03,130749,1430,1590.98,4146.03
2025-06-05,Prospecting,NY,Facebook - Prospecting - C03,89736,1017,1049.94,2557.92
2025-06-06,Prospecting,NY,Facebook - Prospecting - C03,199543,2269,2174.42,4686.96
2025-06-07,Prospecting,NY,Facebook - Prospecting - C03,202376,2615,1315.49,2893.17
2025-06-08,Prospecting,NY,Facebook - Prospecting - C03,208512,2640,2031.71,5613.6
2025-06-09,Prospecting,NY,Facebook - Prospecting - C03,80570,946,987.27,2525.07
2025-06-10,Prospecting,NY,Facebook - Prospecting - C03,190371,2500,1425.11,3483.34
2025-06-11,Prospecting,NY,Facebook - Prospecting - C03,193258,2402,1357,3060.69
2025-06-12,Prospecting,NY,Facebook - Prospecting - C03,223911,2424,1437.79,3393.11
2025-06-13,Prospecting,NY,Facebook - Prospecting - C03,163279,1813,1269.12,2722.81
2025-06-14,Prospecting,NY,Facebook - Prospecting - C03,87019,1010,1068.85,2443.65
2025-06-15,Prospecting,NY,Facebook - Prospecting - C03,175207,2161,2354.73,5433.72
2025-06-16,Prospecting,NY,Facebook - Prospecting - C03,213409,2625,1887.49,3841.16
2025-06-17,Prospecting,NY,Facebook - Prospecting - C03,117735,1461,979.28,2185.55
2025-06-18,Prospecting,NY,Facebook - Prospecting - C03,104085,1341,828.97,1984.98
2025-06-19,Prospecting,NY,Facebook - Prospecting - C03,153635,1964,1297.87,3381.98
2025-06-20,Prospecting,NY,Facebook - Prospecting - C03,75272,960,920.98,1877.13
2025-06-21,Prospecting,NY,Facebook - Prospecting - C03,137834,1711,1327.57,3633.3
2025-06-22,Prospecting,NY,Facebook - Prospecting - C03,198567,2450,2799.97,6314.98
2025-06-23,Prospecting,NY,Facebook - Prospecting - C03,172969,2240,1817.13,3866.24
2025-06-24,Prospecting,NY,Facebook - Prospecting - C03,86642,1132,767.99,1943.8
2025-06-25,Prospecting,NY,Facebook - Prospecting - C03,86636,1091,721.06,1559.62
2025-06-26,Prospecting,NY,Facebook - Prospecting - C03,118749,1304,1177.08,2699.75
2025-06-27,Prospecting,NY,Facebook - Prospecting - C03,105268,1269,1459.97,3071.12
2025-06-28,Prospecting,NY,Facebook - Prospecting - C03,132626,1508,1701.41,3661.86
2025-06-29,Prospecting,NY,Facebook - Prospecting - C03,104527,1135,727.74,1532.36
2025-06-30,Prospecting,NY,Facebook - Prospecting - C03,167932,2086,2375.44,5351.39
2025-07-01,Prospecting,NY,Facebook - Prospecting - C03,213801,2809,1559.92,3463.11
2025-07-02,Prospecting,NY,Facebook - Prospecting - C03,224351,2959,1847.45,4693.44
2025-07-03,Prospecting,NY,Facebook - Prospecting - C03,119803,1320,1008.66,2253.22
2025-07-04,Prospecting,NY,Facebook - Prospecting - C03,112069,1247,1229.56,2586.63
2025-07-05,Prospecting,NY,Facebook - Prospecting - C03,236353,2826,3408.18,9154.4
2025-07-06,Prospecting,NY,Facebook - Prospecting - C03,277324,3093,2219.33,5159.61
2025-07-07,Prospecting,NY,Facebook - Prospecting - C03,167076,2153,2086.47,5185.92
2025-07-08,Prospecting,NY,Facebook - Prospecting - C03,201968,2242,2383.56,6088.11
2025-07-09,Prospecting,NY,Facebook - Prospecting - C03,134418,1752,1023.67,2317.66
2025-07-10,Prospecting,NY,Facebook - Prospecting - C03,290856,3274,1962.05,4983.27
2025-07-11,Prospecting,NY,Facebook - Prospecting - C03,125925,1533,1474.55,3746.81
2025-07-12,Prospecting,NY,Facebook - Prospecting - C03,231596,2736,2439.33,6493.48
2025-07-13,Prospecting,NY,Facebook - Prospecting - C03,303266,3671,2006.05,5216.77
2025-07-14,Prospecting,NY,Facebook - Prospecting - C03,104704,1154,927.46,2123.41
2025-07-15,Prospecting,NY,Facebook - Prospecting - C03,106188,1191,1265.79,3149.07
2025-07-16,Prospecting,NY,Facebook - Prospecting - C03,114233,1343,1452.85,4090.57
2025-07-17,Prospecting,NY,Facebook - Prospecting - C03,136020,1672,804.86,1677.48
2025-07-18,Prospecting,NY,Facebook - Prospecting - C03,116510,1388,996.53,2381.87
2025-07-19,Prospecting,NY,Facebook - Prospecting - C03,199150,2290,1145.43,2558.7
2025-07-20,Prospecting,NY,Facebook - Prospecting - C03,150187,1783,1855.44,4807.97
2025-07-21,Prospecting,NY,Facebook - Prospecting - C03,187256,2467,2162.42,6088.96
2025-07-22,Prospecting,NY,Facebook - Prospecting - C03,235866,3020,2270.14,6032.57
2025-07-23,Prospecting,NY,Facebook - Prospecting - C03,239904,2935,2804.69,5968.52
2025-07-24,Prospecting,NY,Facebook - Prospecting - C03,128709,1595,1418.25,2985.25
2025-07-25,Prospecting,NY,Facebook - Prospecting - C03,168163,2042,1851.93,4011.84
2025-07-26,Prospecting,NY,Facebook - Prospecting - C03,105297,1242,894.9,1914.95
2025-07-27,Prospecting,NY,Facebook - Prospecting - C03,104793,1233,1412.47,2940.88
2025-07-28,Prospecting,NY,Facebook - Prospecting - C03,118774,1458,1006.17,2492.77
2025-07-29,Prospecting,NY,Facebook - Prospecting - C03,130658,1647,844.99,2228.97
2025-07-30,Prospecting,NY,Facebook - Prospecting - C03,99342,1152,997.13,2294.52
2025-07-31,Prospecting,NY,Facebook - Prospecting - C03,182336,2306,1972.14,4948.01
2025-08-01,Prospecting,NY,Facebook - Prospecting - C03,182778,2291,1220.67,2704.22
2025-08-02,Prospecting,NY,Facebook - Prospecting - C03,187951,2381,2061.85,4774.44
2025-08-03,Prospecting,NY,Facebook - Prospecting - C03,216283,2420,1911.83,4855.56
2025-08-04,Prospecting,NY,Facebook - Prospecting - C03,319033,3479,4593.68,12061.95
2025-08-05,Prospecting,NY,Facebook - Prospecting - C03,187674,2093,2068.39,5190.75
2025-08-06,Prospecting,NY,Facebook - Prospecting - C03,94258,1146,910.67,2181.12
2025-08-07,Prospecting,NY,Facebook - Prospecting - C03,150772,1638,1838.67,4557.84
2025-08-08,Prospecting,NY,Facebook - Prospecting - C03,95536,1227,735.48,1815.41
2025-08-09,Prospecting,NY,Facebook - Prospecting - C03,274341,2974,2480.75,6067.77
2025-08-10,Prospecting,NY,Facebook - Prospecting - C03,180073,2041,1227.99,3008.82
2025-08-11,Prospecting,NY,Facebook - Prospecting - C03,159277,1974,1673.47,4225.41
2025-08-12,Prospecting,NY,Facebook - Prospecting - C03,119487,1547,1334.13,2889.15
2025-08-13,Prospecting,NY,Facebook - Prospecting - C03,111695,1424,1035.05,2313.07
2025-08-14,Prospecting,NY,Facebook - Prospecting - C03,156472,1701,999.52,2122.05
2025-08-15,Prospecting,NY,Facebook - Prospecting - C03,144347,1778,1569.61,3239.78
2025-08-16,Prospecting,NY,Facebook - Prospecting - C03,127626,1384,791.66,2051.32
2025-08-17,Prospecting,NY,Facebook - Prospecting - C03,181013,2241,2391.96,4915.17
2025-08-18,Prospecting,NY,Facebook - Prospecting - C03,157073,1852,1435.73,3058.52
2025-08-19,Prospecting,NY,Facebook - Prospecting - C03,114605,1350,1275.16,2917.42
2025-08-20,Prospecting,NY,Facebook - Prospecting - C03,164798,1825,2094.7,5018.35
2025-08-21,Prospecting,NY,Facebook - Prospecting - C03,179670,2252,1328.97,3163.82
2025-08-22,Prospecting,NY,Facebook - Prospecting - C03,115893,1380,1020.09,2445.96
2025-08-23,Prospecting,NY,Facebook - Prospecting - C03,124055,1583,1061.54,2409.92
2025-08-24,Prospecting,NY,Facebook - Prospecting - C03,149824,1797,1205.01,3146.44
2025-08-25,Prospecting,NY,Facebook - Prospecting - C03,191345,2087,1426.72,3363.43
2025-08-26,Prospecting,NY,Facebook - Prospecting - C03,141788,1681,1713.61,4608.42
2025-08-27,Prospecting,NY,Facebook - Prospecting - C03,85633,1011,695.38,1896.84
2025-08-28,Prospecting,NY,Facebook - Prospecting - C03,132655,1569,1067.14,2140.85
2025-08-29,Prospecting,NY,Facebook - Prospecting - C03,156650,1990,1410.65,3571.25
2025-08-30,Prospecting,NY,Facebook - Prospecting - C03,102874,1351,1205.93,2643.3
2025-08-31,Prospecting,NY,Facebook - Prospecting - C03,111387,1407,1590.01,3260.42
2025-09-01,Prospecting,NY,Facebook - Prospecting - C03,158001,1837,2068.06,4963.06
2025-09-02,Prospecting,NY,Facebook - Prospecting - C03,257264,3199,2513.91,5465.18
2025-09-03,Prospecting,NY,Facebook - Prospecting - C03,134995,1499,991.34,2269.5
2025-09-04,Prospecting,NY,Facebook - Prospecting - C03,223549,2602,2229.97,4962.19
2025-09-05,Prospecting,NY,Facebook - Prospecting - C03,122124,1410,1569.16,3497.36
2025-09-06,Prospecting,NY,Facebook - Prospecting - C03,169383,2053,1588.4,3637.25
2025-09-07,Prospecting,NY,Facebook - Prospecting - C03,137694,1500,2038.32,4125.52
2025-09-08,Prospecting,NY,Facebook - Prospecting - C03,127846,1508,1649.39,3316.69
2025-09-09,Prospecting,NY,Facebook - Prospecting - C03,108057,1419,871.01,1815.89
2025-09-10,Prospecting,NY,Facebook - Prospecting - C03,161455,1791,2339.63,5599.35
2025-09-11,Prospecting,NY,Facebook - Prospecting - C03,178686,2195,1747.65,4119.22
2025-09-12,Prospecting,NY,Facebook - Prospecting - C03,134267,1527,994.61,2236.82
2025-05-16,ASC,CA,Facebook - Prospecting - C04,136939,2235,1076.66,2925.58
2025-05-17,ASC,CA,Facebook - Prospecting - C04,182930,2567,1286.11,3202.96
2025-05-18,ASC,CA,Facebook - Prospecting - C04,137350,2189,1813.37,5700.86
2025-05-19,ASC,CA,Facebook - Prospecting - C04,107427,1732,997.11,2861.05
2025-05-20,ASC,CA,Facebook - Prospecting - C04,171249,2551,1101.28,3477.94
2025-05-21,ASC,CA,Facebook - Prospecting - C04,263332,3559,3254.65,8919.84
2025-05-22,ASC,CA,Facebook - Prospecting - C04,283657,4395,3768.7,9832.01
2025-05-23,ASC,CA,Facebook - Prospecting - C04,122648,1707,1774.84,4611.44
2025-05-24,ASC,CA,Facebook - Prospecting - C04,151588,2273,1848.97,4409.11
2025-05-25,ASC,CA,Facebook - Prospecting - C04,193909,3073,1269.13,3797.65
2025-05-26,ASC,CA,Facebook - Prospecting - C04,240632,3377,2949.71,8903.53
2025-05-27,ASC,CA,Facebook - Prospecting - C04,84175,1169,483.62,1436.61
2025-05-28,ASC,CA,Facebook - Prospecting - C04,253150,3606,3149.87,8876.84
2025-05-29,ASC,CA,Facebook - Prospecting - C04,186341,2565,1400.49,3756.75
2025-05-30,ASC,CA,Facebook - Prospecting - C04,180401,2718,1579.03,4401.7
2025-05-31,ASC,CA,Facebook - Prospecting - C04,164698,2456,920.73,2669.25
2025-06-01,ASC,CA,Facebook - Prospecting - C04,192550,3003,1833.87,5461.54
2025-06-02,ASC,CA,Facebook - Prospecting - C04,210481,3395,1406.88,4127.46
2025-06-03,ASC,CA,Facebook - Prospecting - C04,120603,1639,1283.19,3639.41
2025-06-04,ASC,CA,Facebook - Prospecting - C04,327220,4686,1870.24,4746.81
2025-06-05,ASC,CA,Facebook - Prospecting - C04,148634,2083,990.29,2515.52
2025-06-06,ASC,CA,Facebook - Prospecting - C04,174132,2376,2045.26,5006.29
2025-06-07,ASC,CA,Facebook - Prospecting - C04,242452,3980,1890.11,4969.03
2025-06-08,ASC,CA,Facebook - Prospecting - C04,167165,2614,1369.76,3527.95
2025-06-09,ASC,CA,Facebook - Prospecting - C04,224937,3451,1874.03,4830.23
2025-06-10,ASC,CA,Facebook - Prospecting - C04,393201,6031,5091.96,16342.67
2025-06-11,ASC,CA,Facebook - Prospecting - C04,146572,2308,1563.1,4586.87
2025-06-12,ASC,CA,Facebook - Prospecting - C04,200579,2856,2222.52,6832.33
2025-06-13,ASC,CA,Facebook - Prospecting - C04,388367,6272,3863.58,10656.04
2025-06-14,ASC,CA,Facebook - Prospecting - C04,188173,2898,1200.19,2996.05
2025-06-15,ASC,CA,Facebook - Prospecting - C04,255720,3905,3458.49,8527.27
2025-06-16,ASC,CA,Facebook - Prospecting - C04,221426,3290,2448.59,6256.22
2025-06-17,ASC,CA,Facebook - Prospecting - C04,195813,2769,2566.87,7719.76
2025-06-18,ASC,CA,Facebook - Prospecting - C04,138054,2274,1279.24,3730.83
2025-06-19,ASC,CA,Facebook - Prospecting - C04,68428,962,997.95,2748.77
2025-06-20,ASC,CA,Facebook - Prospecting - C04,218415,3535,1527.33,3807.48
2025-06-21,ASC,CA,Facebook - Prospecting - C04,162137,2459,2253.1,5196.25
2025-06-22,ASC,CA,Facebook - Prospecting - C04,259890,4182,2834.91,7503.51
2025-06-23,ASC,CA,Facebook - Prospecting - C04,228346,3689,1864.77,4891.19
2025-06-24,ASC,CA,Facebook - Prospecting - C04,252206,3887,2539.28,7381.49
2025-06-25,ASC,CA,Facebook - Prospecting - C04,183067,2888,1481.62,3742.95
2025-06-26,ASC,CA,Facebook - Prospecting - C04,174722,2475,1719.16,5451.9
2025-06-27,ASC,CA,Facebook - Prospecting - C04,273597,3974,3186.75,7838.26
2025-06-28,ASC,CA,Facebook - Prospecting - C04,111675,1798,1003.46,2472.03
2025-06-29,ASC,CA,Facebook - Prospecting - C04,210052,3148,1624.95,4431.35
2025-06-30,ASC,CA,Facebook - Prospecting - C04,244709,3731,2582,6368.06
2025-07-01,ASC,CA,Facebook - Prospecting - C04,231211,3538,2433.53,6320.21
2025-07-02,ASC,CA,Facebook - Prospecting - C04,340125,4730,2523.58,6146.85
2025-07-03,ASC,CA,Facebook - Prospecting - C04,218296,3305,1411.99,3457.16
2025-07-04,ASC,CA,Facebook - Prospecting - C04,304262,4307,3538.53,9575.76
2025-07-05,ASC,CA,Facebook - Prospecting - C04,144890,2306,1055.36,2557.55
2025-07-06,ASC,CA,Facebook - Prospecting - C04,221799,3435,2662.77,6970.97
2025-07-07,ASC,CA,Facebook - Prospecting - C04,112718,1661,1047.04,3120.78
2025-07-08,ASC,CA,Facebook - Prospecting - C04,205523,2925,2716.44,7504.58
2025-07-09,ASC,CA,Facebook - Prospecting - C04,162986,2650,1442.42,4051.5
2025-07-10,ASC,CA,Facebook - Prospecting - C04,294576,4161,3293.13,9212.2
2025-07-11,ASC,CA,Facebook - Prospecting - C04,234653,3740,2610.13,7661.08
2025-07-12,ASC,CA,Facebook - Prospecting - C04,266004,3670,3583.81,9184.18
2025-07-13,ASC,CA,Facebook - Prospecting - C04,143061,2274,1075.28,3325.51
2025-07-14,ASC,CA,Facebook - Prospecting - C04,156487,2225,1709.39,4771.59
2025-07-15,ASC,CA,Facebook - Prospecting - C04,219508,3285,1963.29,5164.5
2025-07-16,ASC,CA,Facebook - Prospecting - C04,223846,3066,3016.9,7349.56
2025-07-17,ASC,CA,Facebook - Prospecting - C04,265424,3703,2515.45,6843.37
2025-07-18,ASC,CA,Facebook - Prospecting - C04,186563,3005,2637.18,8793.08
2025-07-19,ASC,CA,Facebook - Prospecting - C04,161176,2464,1924.8,5414.9
2025-07-20,ASC,CA,Facebook - Prospecting - C04,122488,1803,764.17,1905.82
2025-07-21,ASC,CA,Facebook - Prospecting - C04,340030,5369,4039.49,11815.35
2025-07-22,ASC,CA,Facebook - Prospecting - C04,168786,2718,1045.88,3329.46
2025-07-23,ASC,CA,Facebook - Prospecting - C04,179758,2546,1322.44,3818.82
2025-07-24,ASC,CA,Facebook - Prospecting - C04,149574,2146,1778.56,5684.36
2025-07-25,ASC,CA,Facebook - Prospecting - C04,93585,1484,1315.28,3912.66
2025-07-26,ASC,CA,Facebook - Prospecting - C04,141780,2094,1046.92,3076.22
2025-07-27,ASC,CA,Facebook - Prospecting - C04,148656,2398,1201.65,3491.72
2025-07-28,ASC,CA,Facebook - Prospecting - C04,173931,2595,950.82,2502.12
2025-07-29,ASC,CA,Facebook - Prospecting - C04,175670,2385,1599.33,4056.99
2025-07-30,ASC,CA,Facebook - Prospecting - C04,265366,4177,3089.7,9440.89
2025-07-31,ASC,CA,Facebook - Prospecting - C04,222017,3631,2341.78,5889.58
2025-08-01,ASC,CA,Facebook - Prospecting - C04,231236,3485,2289.39,7115.5
2025-08-02,ASC,CA,Facebook - Prospecting - C04,200352,2829,2018.62,5222.31
2025-08-03,ASC,CA,Facebook - Prospecting - C04,258958,4132,2153.54,7201.9
2025-08-04,ASC,CA,Facebook - Prospecting - C04,289272,4389,2883.99,7572.43
2025-08-05,ASC,CA,Facebook - Prospecting - C04,193682,3046,2285.87,6482.88
2025-08-06,ASC,CA,Facebook - Prospecting - C04,213979,3194,2486.62,7488.71
2025-08-07,ASC,CA,Facebook - Prospecting - C04,228060,3130,2623.85,7488.36
2025-08-08,ASC,CA,Facebook - Prospecting - C04,150905,2320,1138.01,3533.98
2025-08-09,ASC,CA,Facebook - Prospecting - C04,236587,3742,1750.03,4506.34
2025-08-10,ASC,CA,Facebook - Prospecting - C04,156841,2339,1183.6,3746.88
2025-08-11,ASC,CA,Facebook - Prospecting - C04,326337,4714,2856.41,7854.38
2025-08-12,ASC,CA,Facebook - Prospecting - C04,184315,2965,1364.09,3960.24
2025-08-13,ASC,CA,Facebook - Prospecting - C04,234821,3524,2663.59,6259.79
2025-08-14,ASC,CA,Facebook - Prospecting - C04,101542,1596,714.33,2336.03
2025-08-15,ASC,CA,Facebook - Prospecting - C04,198793,3207,1672.29,4261.46
2025-08-16,ASC,CA,Facebook - Prospecting - C04,239020,3302,2987.99,7155.99
2025-08-17,ASC,CA,Facebook - Prospecting - C04,340534,5044,2082.41,6435.74
2025-08-18,ASC,CA,Facebook - Prospecting - C04,153156,2460,1139.4,2787.55
2025-08-19,ASC,CA,Facebook - Prospecting - C04,101354,1423,951.39,2906.29
2025-08-20,ASC,CA,Facebook - Prospecting - C04,229679,3335,2182.39,5431.94
2025-08-21,ASC,CA,Facebook - Prospecting - C04,89920,1439,854.8,2264.35
2025-08-22,ASC,CA,Facebook - Prospecting - C04,151661,2458,1775.12,5222.74
2025-08-23,ASC,CA,Facebook - Prospecting - C04,195154,2643,2339.44,7115.51
2025-08-24,ASC,CA,Facebook - Prospecting - C04,226692,3081,2916,8197.43
2025-08-25,ASC,CA,Facebook - Prospecting - C04,134564,1901,1318.28,3114.82
2025-08-26,ASC,CA,Facebook - Prospecting - C04,298736,4592,2520.39,7401.79
2025-08-27,ASC,CA,Facebook - Prospecting - C04,263600,3780,2342.26,7015.31
2025-08-28,ASC,CA,Facebook - Prospecting - C04,358043,5131,4706.77,14412.15
2025-08-29,ASC,CA,Facebook - Prospecting - C04,263784,3653,1805.63,5153.97
2025-08-30,ASC,CA,Facebook - Prospecting - C04,230291,3743,2303.78,5534.86
2025-08-31,ASC,CA,Facebook - Prospecting - C04,153554,2180,1607.31,4996.4
2025-09-01,ASC,CA,Facebook - Prospecting - C04,200284,3121,1812.28,5389.9
2025-09-02,ASC,CA,Facebook - Prospecting - C04,244209,3664,2430.69,6289.6
2025-09-03,ASC,CA,Facebook - Prospecting - C04,251491,3682,3180.75,8670.71
2025-09-04,ASC,CA,Facebook - Prospecting - C04,119718,1904,1066.6,3358.36
2025-09-05,ASC,CA,Facebook - Prospecting - C04,193536,2963,1241.75,3458.43
2025-09-06,ASC,CA,Facebook - Prospecting - C04,423817,6614,5898.04,17309.61
2025-09-07,ASC,CA,Facebook - Prospecting - C04,250901,3535,1508.14,3788.45
2025-09-08,ASC,CA,Facebook - Prospecting - C04,327195,4915,2948.18,7768.13
2025-09-09,ASC,CA,Facebook - Prospecting - C04,127824,1943,1336.97,3865.58
2025-09-10,ASC,CA,Facebook - Prospecting - C04,232287,3751,2438.35,7142.9
2025-09-11,ASC,CA,Facebook - Prospecting - C04,200050,3163,1335.35,3786.37
2025-09-12,ASC,CA,Facebook - Prospecting - C04,171025,2414,2352.03,6724.89
2025-05-16,Prospecting,NY,Facebook - ASC - C05,190797,2493,2049.84,5157.01
2025-05-17,Prospecting,NY,Facebook - ASC - C05,138822,1762,1644.99,3362.75
2025-05-18,Prospecting,NY,Facebook - ASC - C05,95873,1037,918.17,2165.55
2025-05-19,Prospecting,NY,Facebook - ASC - C05,158003,1740,1050.47,2348.57
2025-05-20,Prospecting,NY,Facebook - ASC - C05,63812,841,384.73,814.22
2025-05-21,Prospecting,NY,Facebook - ASC - C05,231258,2866,3434.59,7752.29
2025-05-22,Prospecting,NY,Facebook - ASC - C05,91451,993,1153.41,2777.35
2025-05-23,Prospecting,NY,Facebook - ASC - C05,248376,3194,3230.04,6897.73
2025-05-24,Prospecting,NY,Facebook - ASC - C05,147291,1594,1964.81,4145.96
2025-05-25,Prospecting,NY,Facebook - ASC - C05,168896,2178,1925.43,4905.59
2025-05-26,Prospecting,NY,Facebook - ASC - C05,175668,2081,1937.13,4214.33
2025-05-27,Prospecting,NY,Facebook - ASC - C05,147870,1924,1725.12,4756.35
2025-05-28,Prospecting,NY,Facebook - ASC - C05,219490,2466,2231.38,4906.89
2025-05-29,Prospecting,NY,Facebook - ASC - C05,212499,2306,2186.7,5429.71
2025-05-30,Prospecting,NY,Facebook - ASC - C05,177915,2289,1927.23,4362.87
2025-05-31,Prospecting,NY,Facebook - ASC - C05,212367,2576,1655.71,3736.46
2025-06-01,Prospecting,NY,Facebook - ASC - C05,132609,1437,1017.57,2291.75
2025-06-02,Prospecting,NY,Facebook - ASC - C05,108975,1278,1279.61,3125.21
2025-06-03,Prospecting,NY,Facebook - ASC - C05,155466,1826,1439.3,3249.56
2025-06-04,Prospecting,NY,Facebook - ASC - C05,138243,1753,1674.64,4497.26
2025-06-05,Prospecting,NY,Facebook - ASC - C05,145056,1863,1398.27,3322.26
2025-06-06,Prospecting,NY,Facebook - ASC - C05,120747,1417,1323.31,3665.96
2025-06-07,Prospecting,NY,Facebook - ASC - C05,130892,1517,1442.82,3420.35
2025-06-08,Prospecting,NY,Facebook - ASC - C05,143265,1806,1791.07,4455.57
2025-06-09,Prospecting,NY,Facebook - ASC - C05,301203,3376,2365.07,5436.21
2025-06-10,Prospecting,NY,Facebook - ASC - C05,132726,1697,1238.53,2749.52
2025-06-11,Prospecting,NY,Facebook - ASC - C05,170362,2097,1110.51,2868.83
2025-06-12,Prospecting,NY,Facebook - ASC - C05,108997,1298,1178.69,3044.13
2025-06-13,Prospecting,NY,Facebook - ASC - C05,174704,2253,1540.65,3472.02
2025-06-14,Prospecting,NY,Facebook - ASC - C05,196474,2352,1271.05,3060.86
2025-06-15,Prospecting,NY,Facebook - ASC - C05,146499,1731,1823.65,4180.71
2025-06-16,Prospecting,NY,Facebook - ASC - C05,124914,1562,1193.7,2546.04
2025-06-17,Prospecting,NY,Facebook - ASC - C05,208769,2296,1164.71,2413.36
2025-06-18,Prospecting,NY,Facebook - ASC - C05,215324,2768,2100.46,5718.18
2025-06-19,Prospecting,NY,Facebook - ASC - C05,112838,1419,986.42,2039.6
2025-06-20,Prospecting,NY,Facebook - ASC - C05,204219,2690,1343.7,2950.78
2025-06-21,Prospecting,NY,Facebook - ASC - C05,198608,2396,2632.71,6189.65
2025-06-22,Prospecting,NY,Facebook - ASC - C05,239924,2997,1971.8,4490.01
2025-06-23,Prospecting,NY,Facebook - ASC - C05,127514,1646,1176.95,3113.04
2025-06-24,Prospecting,NY,Facebook - ASC - C05,168491,2178,1664,4079.61
2025-06-25,Prospecting,NY,Facebook - ASC - C05,96025,1052,960.65,2350.61
2025-06-26,Prospecting,NY,Facebook - ASC - C05,186437,2177,1631.88,3926.15
2025-06-27,Prospecting,NY,Facebook - ASC - C05,158142,1744,1177.26,2915.35
2025-06-28,Prospecting,NY,Facebook - ASC - C05,165044,1792,2246.22,5944.35
2025-06-29,Prospecting,NY,Facebook - ASC - C05,287616,3538,1757.76,4699.22
2025-06-30,Prospecting,NY,Facebook - ASC - C05,153469,1825,1822.79,4333.22
2025-07-01,Prospecting,NY,Facebook - ASC - C05,194762,2501,1458.53,3663.51
2025-07-02,Prospecting,NY,Facebook - ASC - C05,155824,2023,1172.15,2945.92
2025-07-03,Prospecting,NY,Facebook - ASC - C05,132623,1600,1839.27,5202.4
2025-07-04,Prospecting,NY,Facebook - ASC - C05,186194,2454,1935.17,4002.22
2025-07-05,Prospecting,NY,Facebook - ASC - C05,208300,2415,2584.22,6376.69
2025-07-06,Prospecting,NY,Facebook - ASC - C05,156040,1722,1461.57,3724.99
2025-07-07,Prospecting,NY,Facebook - ASC - C05,193244,2247,1372.56,3640.18
2025-07-08,Prospecting,NY,Facebook - ASC - C05,183621,2300,1278.74,3024.89
2025-07-09,Prospecting,NY,Facebook - ASC - C05,400601,4654,4758.76,13044.92
2025-07-10,Prospecting,NY,Facebook - ASC - C05,154878,1696,1807.31,4020.99
2025-07-11,Prospecting,NY,Facebook - ASC - C05,173795,2205,2007.42,4243.06
2025-07-12,Prospecting,NY,Facebook - ASC - C05,217468,2525,1627.81,4358.85
2025-07-13,Prospecting,NY,Facebook - ASC - C05,169505,1850,1398.1,3170.19
2025-07-14,Prospecting,NY,Facebook - ASC - C05,224322,2595,2172.11,5833.25
2025-07-15,Prospecting,NY,Facebook - ASC - C05,151274,1751,1274.99,3274.33
2025-07-16,Prospecting,NY,Facebook - ASC - C05,232574,2787,2140.06,6110.97
2025-07-17,Prospecting,NY,Facebook - ASC - C05,114464,1348,1243.84,3204.45
2025-07-18,Prospecting,NY,Facebook - ASC - C05,130297,1522,1697.64,4024.98
2025-07-19,Prospecting,NY,Facebook - ASC - C05,111914,1323,1050.3,2765.48
2025-07-20,Prospecting,NY,Facebook - ASC - C05,129216,1470,892.73,2174.59
2025-07-21,Prospecting,NY,Facebook - ASC - C05,111923,1315,903.77,1911.81
2025-07-22,Prospecting,NY,Facebook - ASC - C05,243636,2975,1988.07,4806.86
2025-07-23,Prospecting,NY,Facebook - ASC - C05,170690,2059,1864.83,4123.45
2025-07-24,Prospecting,NY,Facebook - ASC - C05,138930,1506,1092.98,2210.28
2025-07-25,Prospecting,NY,Facebook - ASC - C05,138531,1667,1867.26,4937.45
2025-07-26,Prospecting,NY,Facebook - ASC - C05,137608,1782,1252.45,2938.29
2025-07-27,Prospecting,NY,Facebook - ASC - C05,114492,1500,719.82,1894.4
2025-07-28,Prospecting,NY,Facebook - ASC - C05,141132,1733,1465.08,3767.27
2025-07-29,Prospecting,NY,Facebook - ASC - C05,129995,1604,1636.67,3534.57
2025-07-30,Prospecting,NY,Facebook - ASC - C05,76829,910,882.79,1795.5
2025-07-31,Prospecting,NY,Facebook - ASC - C05,145283,1842,1600.38,3973.85
2025-08-01,Prospecting,NY,Facebook - ASC - C05,155857,1991,1476.87,3255.3
2025-08-02,Prospecting,NY,Facebook - ASC - C05,111859,1403,900.32,2371.29
2025-08-03,Prospecting,NY,Facebook - ASC - C05,228397,2918,2950.42,6636.15
2025-08-04,Prospecting,NY,Facebook - ASC - C05,224165,2485,1751.93,3986.96
2025-08-05,Prospecting,NY,Facebook - ASC - C05,132104,1735,1236.32,3126.76
2025-08-06,Prospecting,NY,Facebook - ASC - C05,108788,1253,1244.93,2889.74
2025-08-07,Prospecting,NY,Facebook - ASC - C05,252065,2934,2414.79,5266.56
2025-08-08,Prospecting,NY,Facebook - ASC - C05,218999,2690,1229.79,3084.39
2025-08-09,Prospecting,NY,Facebook - ASC - C05,142975,1550,1761.23,3924.83
2025-08-10,Prospecting,NY,Facebook - ASC - C05,200049,2207,1416.31,3660.52
2025-08-11,Prospecting,NY,Facebook - ASC - C05,161347,1885,1462.66,3386.44
2025-08-12,Prospecting,NY,Facebook - ASC - C05,159029,1855,1642.56,3296.63
2025-08-13,Prospecting,NY,Facebook - ASC - C05,133758,1609,1370.95,3026.29
2025-08-14,Prospecting,NY,Facebook - ASC - C05,124945,1483,1092.74,3042.44
2025-08-15,Prospecting,NY,Facebook - ASC - C05,256355,2988,1960.2,4471.16
2025-08-16,Prospecting,NY,Facebook - ASC - C05,274733,2983,2963.68,7792.53
2025-08-17,Prospecting,NY,Facebook - ASC - C05,196384,2141,2697.87,5606.55
2025-08-18,Prospecting,NY,Facebook - ASC - C05,216871,2480,2991.64,6312.78
2025-08-19,Prospecting,NY,Facebook - ASC - C05,113899,1390,1685.33,4646.73
2025-08-20,Prospecting,NY,Facebook - ASC - C05,221025,2413,1705.64,4292.59
2025-08-21,Prospecting,NY,Facebook - ASC - C05,190933,2403,1702.26,4489.79
2025-08-22,Prospecting,NY,Facebook - ASC - C05,170459,1995,1321.51,3035.39
2025-08-23,Prospecting,NY,Facebook - ASC - C05,186085,2015,1880.98,4343.1
2025-08-24,Prospecting,NY,Facebook - ASC - C05,144572,1889,1276.12,2955.06
2025-08-25,Prospecting,NY,Facebook - ASC - C05,189197,2059,1624.51,4431.39
2025-08-26,Prospecting,NY,Facebook - ASC - C05,146738,1803,1859.41,4199.65
2025-08-27,Prospecting,NY,Facebook - ASC - C05,113586,1375,916.87,2190.27
2025-08-28,Prospecting,NY,Facebook - ASC - C05,207068,2428,3100.91,6688.06
2025-08-29,Prospecting,NY,Facebook - ASC - C05,90785,1045,873.67,2159.57
2025-08-30,Prospecting,NY,Facebook - ASC - C05,208069,2392,2243.21,4819.44
2025-08-31,Prospecting,NY,Facebook - ASC - C05,147095,1714,1222.42,3219.88
2025-09-01,Prospecting,NY,Facebook - ASC - C05,153291,1764,977.43,2237.3
2025-09-02,Prospecting,NY,Facebook - ASC - C05,244353,2705,2298.7,5908.41
2025-09-03,Prospecting,NY,Facebook - ASC - C05,201896,2606,2764.69,6367.02
2025-09-04,Prospecting,NY,Facebook - ASC - C05,198091,2370,1489.7,3884.22
2025-09-05,Prospecting,NY,Facebook - ASC - C05,131527,1459,1144.65,3159.22
2025-09-06,Prospecting,NY,Facebook - ASC - C05,191977,2138,1613.35,3303.76
2025-09-07,Prospecting,NY,Facebook - ASC - C05,388467,4353,2919.63,7489.79
2025-09-08,Prospecting,NY,Facebook - ASC - C05,128794,1627,853.24,2006.62
2025-09-09,Prospecting,NY,Facebook - ASC - C05,72715,853,899.03,2320.54
2025-09-10,Prospecting,NY,Facebook - ASC - C05,179606,2268,1189.2,2890.61
2025-09-11,Prospecting,NY,Facebook - ASC - C05,228587,2680,1326.52,3686.64
2025-09-12,Prospecting,NY,Facebook - ASC - C05,128778,1593,822.7,1853.73
2025-05-16,ASC,NY,Facebook - ASC - C06,124397,1801,1572.79,4893.58
2025-05-17,ASC,NY,Facebook - ASC - C06,233465,3309,2501.39,6166.24
2025-05-18,ASC,NY,Facebook - ASC - C06,184673,2517,2483.4,6281.39
2025-05-19,ASC,NY,Facebook - ASC - C06,134900,2138,1170.64,3598.32
2025-05-20,ASC,NY,Facebook - ASC - C06,110855,1648,654.14,1780.5
2025-05-21,ASC,NY,Facebook - ASC - C06,247933,3766,2078.38,6174.82
2025-05-22,ASC,NY,Facebook - ASC - C06,200555,3233,1249.83,3180.01
2025-05-23,ASC,NY,Facebook - ASC - C06,125972,1993,1728.41,5090.33
2025-05-24,ASC,NY,Facebook - ASC - C06,172124,2376,1954.96,6383.51
2025-05-25,ASC,NY,Facebook - ASC - C06,97950,1606,669.97,1811.73
2025-05-26,ASC,NY,Facebook - ASC - C06,188617,2814,1344.41,3635.06
2025-05-27,ASC,NY,Facebook - ASC - C06,179789,2753,2180.46,6576.4
2025-05-28,ASC,NY,Facebook - ASC - C06,348203,4752,4369.38,12755.93
2025-05-29,ASC,NY,Facebook - ASC - C06,184864,2994,2287.76,7463.31
2025-05-30,ASC,NY,Facebook - ASC - C06,253663,3827,2449.41,7585.07
2025-05-31,ASC,NY,Facebook - ASC - C06,185393,2770,2745.27,6985.22
2025-06-01,ASC,NY,Facebook - ASC - C06,159375,2544,1632.1,3869.23
2025-06-02,ASC,NY,Facebook - ASC - C06,160579,2361,2050.3,6142.59
2025-06-03,ASC,NY,Facebook - ASC - C06,249325,4009,2904.24,9737.03
2025-06-04,ASC,NY,Facebook - ASC - C06,206832,2860,1948.07,4987.45
2025-06-05,ASC,NY,Facebook - ASC - C06,108293,1765,970.74,2808.21
2025-06-06,ASC,NY,Facebook - ASC - C06,195389,2863,1407.7,3665.91
2025-06-07,ASC,NY,Facebook - ASC - C06,138624,1907,1284.07,4231.31
2025-06-08,ASC,NY,Facebook - ASC - C06,244007,3492,2636.91,6861.95
2025-06-09,ASC,NY,Facebook - ASC - C06,152179,2385,1513.87,3685.97
2025-06-10,ASC,NY,Facebook - ASC - C06,230280,3171,2336.33,6818.65
2025-06-11,ASC,NY,Facebook - ASC - C06,149831,2316,2060.13,5286.47
2025-06-12,ASC,NY,Facebook - ASC - C06,232213,3267,2464.54,7132.42
2025-06-13,ASC,NY,Facebook - ASC - C06,211328,3265,1397.32,3695.5
2025-06-14,ASC,NY,Facebook - ASC - C06,170203,2525,1762.83,4393.88
2025-06-15,ASC,NY,Facebook - ASC - C06,122140,1692,1573.8,4165.81
2025-06-16,ASC,NY,Facebook - ASC - C06,217786,3042,1708.46,3958.23
2025-06-17,ASC,NY,Facebook - ASC - C06,316052,4426,3734.61,10577.69
2025-06-18,ASC,NY,Facebook - ASC - C06,72838,1027,874.78,2525.01
2025-06-19,ASC,NY,Facebook - ASC - C06,156393,2568,1692.36,3968.98
2025-06-20,ASC,NY,Facebook - ASC - C06,234484,3598,2242.28,6489.25
2025-06-21,ASC,NY,Facebook - ASC - C06,184492,2792,2284.66,6406.68
2025-06-22,ASC,NY,Facebook - ASC - C06,110932,1820,1125.09,3314.34
2025-06-23,ASC,NY,Facebook - ASC - C06,192490,2687,1335,3175.77
2025-06-24,ASC,NY,Facebook - ASC - C06,96195,1369,1317.71,3183.73
2025-06-25,ASC,NY,Facebook - ASC - C06,121525,1908,974.53,2959.8
2025-06-26,ASC,NY,Facebook - ASC - C06,149579,2316,1651.06,5007.53
2025-06-27,ASC,NY,Facebook - ASC - C06,222394,3288,1660.46,4409.51
2025-06-28,ASC,NY,Facebook - ASC - C06,293025,4061,1835.65,5217.51
2025-06-29,ASC,NY,Facebook - ASC - C06,399509,6104,5084.37,15045.79
2025-06-30,ASC,NY,Facebook - ASC - C06,220385,3346,1559.92,4781.54
2025-07-01,ASC,NY,Facebook - ASC - C06,201197,2741,2617.72,7962.71
2025-07-02,ASC,NY,Facebook - ASC - C06,247027,3970,1796.71,4332.26
2025-07-03,ASC,NY,Facebook - ASC - C06,199568,3099,1662.48,3935.5
2025-07-04,ASC,NY,Facebook - ASC - C06,141153,2280,1526.58,4668.14
2025-07-05,ASC,NY,Facebook - ASC - C06,189042,2969,2346.9,6726.67
2025-07-06,ASC,NY,Facebook - ASC - C06,171319,2490,1428.95,3613.14
2025-07-07,ASC,NY,Facebook - ASC - C06,195188,3023,1758.57,5306.15
2025-07-08,ASC,NY,Facebook - ASC - C06,176277,2534,1327.17,4090.25
2025-07-09,ASC,NY,Facebook - ASC - C06,228774,3101,2866.45,8589.72
2025-07-10,ASC,NY,Facebook - ASC - C06,258440,3891,1970.34,6218.84
2025-07-11,ASC,NY,Facebook - ASC - C06,221704,3495,2681.62,6977.2
2025-07-12,ASC,NY,Facebook - ASC - C06,207145,2886,2432.21,7708.82
2025-07-13,ASC,NY,Facebook - ASC - C06,193049,2905,2560.06,7804.05
2025-07-14,ASC,NY,Facebook - ASC - C06,191957,2929,2664.09,8299.26
2025-07-15,ASC,NY,Facebook - ASC - C06,195163,3188,1497.95,3592.5
2025-07-16,ASC,NY,Facebook - ASC - C06,168907,2486,1161.75,3567.66
2025-07-17,ASC,NY,Facebook - ASC - C06,242619,3652,1725.24,5747.7
2025-07-18,ASC,NY,Facebook - ASC - C06,257686,4068,3185.16,8135.07
2025-07-19,ASC,NY,Facebook - ASC - C06,144401,2212,1095,2874.88
2025-07-20,ASC,NY,Facebook - ASC - C06,186773,2956,1092.91,3581.69
2025-07-21,ASC,NY,Facebook - ASC - C06,112513,1660,1584.27,5118.64
2025-07-22,ASC,NY,Facebook - ASC - C06,129542,1913,997.35,2917.61
2025-07-23,ASC,NY,Facebook - ASC - C06,160504,2546,1140,2984.43
2025-07-24,ASC,NY,Facebook - ASC - C06,155392,2388,1789.55,5045.36
2025-07-25,ASC,NY,Facebook - ASC - C06,126319,1901,933.97,2631.25
2025-07-26,ASC,NY,Facebook - ASC - C06,183038,2856,1478.43,3556.93
2025-07-27,ASC,NY,Facebook - ASC - C06,176924,2609,2029.87,6283.68
2025-07-28,ASC,NY,Facebook - ASC - C06,82907,1265,993.46,3219.6
2025-07-29,ASC,NY,Facebook - ASC - C06,179613,2949,1864.64,4661.9
2025-07-30,ASC,NY,Facebook - ASC - C06,215482,3531,2878.92,7174.54
2025-07-31,ASC,NY,Facebook - ASC - C06,256020,3537,2266.65,7043.3
2025-08-01,ASC,NY,Facebook - ASC - C06,228057,3421,1870.74,4461.07
2025-08-02,ASC,NY,Facebook - ASC - C06,216199,3368,2057.66,6714.34
2025-08-03,ASC,NY,Facebook - ASC - C06,110932,1825,694.88,2192.18
2025-08-04,ASC,NY,Facebook - ASC - C06,215847,3172,2107.27,5997.62
2025-08-05,ASC,NY,Facebook - ASC - C06,103722,1504,1167.93,3065.7
2025-08-06,ASC,NY,Facebook - ASC - C06,100629,1631,1144.98,2643.49
2025-08-07,ASC,NY,Facebook - ASC - C06,189054,2781,1612.03,4943.8
2025-08-08,ASC,NY,Facebook - ASC - C06,403454,6285,3471.95,9464.65
2025-08-09,ASC,NY,Facebook - ASC - C06,206840,2880,1714.48,4164.8
2025-08-10,ASC,NY,Facebook - ASC - C06,124292,2012,1661.72,4737.82
2025-08-11,ASC,NY,Facebook - ASC - C06,232716,3608,1417.95,4511.99
2025-08-12,ASC,NY,Facebook - ASC - C06,148375,2314,1796.52,4669.21
2025-08-13,ASC,NY,Facebook - ASC - C06,221909,3405,2759.36,6670.41
2025-08-14,ASC,NY,Facebook - ASC - C06,205997,2920,2187.54,5565.53
2025-08-15,ASC,NY,Facebook - ASC - C06,147070,2020,1146.22,3576.42
2025-08-16,ASC,NY,Facebook - ASC - C06,166486,2643,2076.34,6029.95
2025-08-17,ASC,NY,Facebook - ASC - C06,175591,2376,2026.68,5762.31
2025-08-18,ASC,NY,Facebook - ASC - C06,154384,2490,1861.57,4478.63
2025-08-19,ASC,NY,Facebook - ASC - C06,152107,2492,1037.65,2913.84
2025-08-20,ASC,NY,Facebook - ASC - C06,230341,3218,2079.05,5374.08
2025-08-21,ASC,NY,Facebook - ASC - C06,108124,1667,999.94,2946.51
2025-08-22,ASC,NY,Facebook - ASC - C06,124851,1957,1251.09,3419.79
2025-08-23,ASC,NY,Facebook - ASC - C06,293524,3971,3166.03,9079.04
2025-08-24,ASC,NY,Facebook - ASC - C06,93022,1401,1349.87,3818.95
2025-08-25,ASC,NY,Facebook - ASC - C06,136829,2063,2079,4834.65
2025-08-26,ASC,NY,Facebook - ASC - C06,155848,2219,1659.33,4547.52
2025-08-27,ASC,NY,Facebook - ASC - C06,262725,3942,2135.28,5718.56
2025-08-28,ASC,NY,Facebook - ASC - C06,191242,2619,2480.49,7816.64
2025-08-29,ASC,NY,Facebook - ASC - C06,144756,2357,1475.53,3788.24
2025-08-30,ASC,NY,Facebook - ASC - C06,347848,5317,2708.58,7988.47
2025-08-31,ASC,NY,Facebook - ASC - C06,101421,1577,964.02,3023
2025-09-01,ASC,NY,Facebook - ASC - C06,312071,4229,2891.9,7152.82
2025-09-02,ASC,NY,Facebook - ASC - C06,172487,2353,2120.76,6496.83
2025-09-03,ASC,NY,Facebook - ASC - C06,335098,4857,2242.79,6574.83
2025-09-04,ASC,NY,Facebook - ASC - C06,212623,2991,2988.04,8702.17
2025-09-05,ASC,NY,Facebook - ASC - C06,193470,2760,2080.78,5170.79
2025-09-06,ASC,NY,Facebook - ASC - C06,276317,4536,1580.83,3837.59
2025-09-07,ASC,NY,Facebook - ASC - C06,160245,2502,1852.1,5288.77
2025-09-08,ASC,NY,Facebook - ASC - C06,160817,2568,1626.99,5007.26
2025-09-09,ASC,NY,Facebook - ASC - C06,282561,4408,2190.64,5321.8
2025-09-10,ASC,NY,Facebook - ASC - C06,139850,1889,1529,4144.66
2025-09-11,ASC,NY,Facebook - ASC - C06,197201,2696,1959.07,5631.01
2025-09-12,ASC,NY,Facebook - ASC - C06,132393,1848,1395.2,3824.49
2025-05-16,ASC,NY,Facebook - ASC - C07,134316,1988,1040.64,2729.69
2025-05-17,ASC,NY,Facebook - ASC - C07,104422,1446,674.72,2193.34
2025-05-18,ASC,NY,Facebook - ASC - C07,219970,3594,2742.29,7831.99
2025-05-19,ASC,NY,Facebook - ASC - C07,117020,1913,1012.36,2638.5
2025-05-20,ASC,NY,Facebook - ASC - C07,236486,3572,1727.89,5497.99
2025-05-21,ASC,NY,Facebook - ASC - C07,119995,1937,1581.41,4247.58
2025-05-22,ASC,NY,Facebook - ASC - C07,81101,1195,558.35,1621.06
2025-05-23,ASC,NY,Facebook - ASC - C07,141399,2075,933.91,2713.77
2025-05-24,ASC,NY,Facebook - ASC - C07,112329,1835,1293.72,3169.12
2025-05-25,ASC,NY,Facebook - ASC - C07,226556,3614,2100.86,6704.31
2025-05-26,ASC,NY,Facebook - ASC - C07,108218,1645,976.56,2480.73
2025-05-27,ASC,NY,Facebook - ASC - C07,139630,2071,1351.91,3540.43
2025-05-28,ASC,NY,Facebook - ASC - C07,218135,2994,2134.05,5689.73
2025-05-29,ASC,NY,Facebook - ASC - C07,129455,2000,812.59,2203.54
2025-05-30,ASC,NY,Facebook - ASC - C07,155942,2554,2175.83,5829.34
2025-05-31,ASC,NY,Facebook - ASC - C07,95740,1356,1287.43,3115.46
2025-06-01,ASC,NY,Facebook - ASC - C07,146513,2119,1297.83,3945.96
2025-06-02,ASC,NY,Facebook - ASC - C07,195010,2716,2272.31,5536.37
2025-06-03,ASC,NY,Facebook - ASC - C07,192064,2675,1741.88,4195.07
2025-06-04,ASC,NY,Facebook - ASC - C07,128394,2057,1627.57,4586.05
2025-06-05,ASC,NY,Facebook - ASC - C07,174466,2689,1730.55,5298.85
2025-06-06,ASC,NY,Facebook - ASC - C07,222228,3400,1699.18,4345.24
2025-06-07,ASC,NY,Facebook - ASC - C07,376898,5133,4167.77,13160.23
2025-06-08,ASC,NY,Facebook - ASC - C07,84677,1169,963.61,2936
2025-06-09,ASC,NY,Facebook - ASC - C07,165478,2506,2028.03,6106.92
2025-06-10,ASC,NY,Facebook - ASC - C07,113978,1644,1296.6,3437.73
2025-06-11,ASC,NY,Facebook - ASC - C07,141139,2194,1834.94,4561.02
2025-06-12,ASC,NY,Facebook - ASC - C07,96352,1513,1156.15,3519.61
2025-06-13,ASC,NY,Facebook - ASC - C07,137716,1931,2009.79,6097.82
2025-06-14,ASC,NY,Facebook - ASC - C07,123302,2016,1570.24,3783.88
2025-06-15,ASC,NY,Facebook - ASC - C07,132450,2177,1559.16,4741.68
2025-06-16,ASC,NY,Facebook - ASC - C07,310357,5001,2780.35,7041.92
2025-06-17,ASC,NY,Facebook - ASC - C07,194572,2879,1289.98,3738.26
2025-06-18,ASC,NY,Facebook - ASC - C07,139850,2254,882.17,2336.87
2025-06-19,ASC,NY,Facebook - ASC - C07,184805,2544,1871.26,5531.26
2025-06-20,ASC,NY,Facebook - ASC - C07,147742,2347,1564.77,3747.94
2025-06-21,ASC,NY,Facebook - ASC - C07,289799,4024,3105.82,8473.91
2025-06-22,ASC,NY,Facebook - ASC - C07,139936,2127,919.32,2189.3
2025-06-23,ASC,NY,Facebook - ASC - C07,148015,2315,1280.7,4177.5
2025-06-24,ASC,NY,Facebook - ASC - C07,182633,2935,1309.05,3365.29
2025-06-25,ASC,NY,Facebook - ASC - C07,118864,1953,1472.84,3857.16
2025-06-26,ASC,NY,Facebook - ASC - C07,151054,2069,1030.28,3192.27
2025-06-27,ASC,NY,Facebook - ASC - C07,117543,1608,1500.32,4019.04
2025-06-28,ASC,NY,Facebook - ASC - C07,116775,1658,1475.67,4948.51
2025-06-29,ASC,NY,Facebook - ASC - C07,160959,2367,1862.46,4650.36
2025-06-30,ASC,NY,Facebook - ASC - C07,102753,1442,1221.51,3255.34
2025-07-01,ASC,NY,Facebook - ASC - C07,87460,1404,1173.75,3324.4
2025-07-02,ASC,NY,Facebook - ASC - C07,95209,1342,671.17,1734.71
2025-07-03,ASC,NY,Facebook - ASC - C07,145806,1994,1515.43,3886.48
2025-07-04,ASC,NY,Facebook - ASC - C07,312010,4612,2505.69,6441.32
2025-07-05,ASC,NY,Facebook - ASC - C07,254062,3684,1809.95,5085.52
2025-07-06,ASC,NY,Facebook - ASC - C07,87923,1336,927.47,2776.55
2025-07-07,ASC,NY,Facebook - ASC - C07,269437,3805,1770.76,4562.13
2025-07-08,ASC,NY,Facebook - ASC - C07,62160,876,382.92,1032.18
2025-07-09,ASC,NY,Facebook - ASC - C07,197160,3169,2409.12,6898.84
2025-07-10,ASC,NY,Facebook - ASC - C07,283343,4647,2649.65,7851.16
2025-07-11,ASC,NY,Facebook - ASC - C07,301256,4110,4247.42,12258.64
2025-07-12,ASC,NY,Facebook - ASC - C07,124397,1849,1366.37,3529.47
2025-07-13,ASC,NY,Facebook - ASC - C07,189487,2770,2395.26,6226.35
2025-07-14,ASC,NY,Facebook - ASC - C07,120207,1918,898.4,2224.55
2025-07-15,ASC,NY,Facebook - ASC - C07,139503,1924,1845.71,4862.06
2025-07-16,ASC,NY,Facebook - ASC - C07,127224,1966,1125.68,3243.63
2025-07-17,ASC,NY,Facebook - ASC - C07,177393,2850,1218.09,3469.1
2025-07-18,ASC,NY,Facebook - ASC - C07,182715,2800,1747.31,5242.23
2025-07-19,ASC,NY,Facebook - ASC - C07,127896,2026,1564.95,4531.95
2025-07-20,ASC,NY,Facebook - ASC - C07,162182,2545,1051.15,3117.64
2025-07-21,ASC,NY,Facebook - ASC - C07,189367,2692,1800.81,4737.5
2025-07-22,ASC,NY,Facebook - ASC - C07,148689,2079,1174.18,3501.65
2025-07-23,ASC,NY,Facebook - ASC - C07,118046,1668,1164.36,3364.97
2025-07-24,ASC,NY,Facebook - ASC - C07,159981,2589,1743.89,4809.47
2025-07-25,ASC,NY,Facebook - ASC - C07,205555,3201,2498.97,7768.26
2025-07-26,ASC,NY,Facebook - ASC - C07,136115,2141,1419.2,3939.47
2025-07-27,ASC,NY,Facebook - ASC - C07,183160,2499,1201.11,3435.1
2025-07-28,ASC,NY,Facebook - ASC - C07,116727,1890,1080.84,3409.63
2025-07-29,ASC,NY,Facebook - ASC - C07,109643,1762,1230.79,3418.63
2025-07-30,ASC,NY,Facebook - ASC - C07,260252,4270,2662,8134.31
2025-07-31,ASC,NY,Facebook - ASC - C07,72014,1065,886.25,2443.21
2025-08-01,ASC,NY,Facebook - ASC - C07,162743,2606,1730.19,4915.43
2025-08-02,ASC,NY,Facebook - ASC - C07,199455,3201,1999.04,6264.88
2025-08-03,ASC,NY,Facebook - ASC - C07,273638,4334,2710.85,8040.64
2025-08-04,ASC,NY,Facebook - ASC - C07,177030,2702,2561.46,7299.22
2025-08-05,ASC,NY,Facebook - ASC - C07,201648,3227,2026.25,5467.31
2025-08-06,ASC,NY,Facebook - ASC - C07,159397,2204,1236.76,3758.04
2025-08-07,ASC,NY,Facebook - ASC - C07,237735,3893,2161.34,6225.15
2025-08-08,ASC,NY,Facebook - ASC - C07,91093,1240,1111.85,3177.82
2025-08-09,ASC,NY,Facebook - ASC - C07,101699,1433,794.26,2248.35
2025-08-10,ASC,NY,Facebook - ASC - C07,183523,2513,1881.84,5844.88
2025-08-11,ASC,NY,Facebook - ASC - C07,200343,3029,2048.55,5263.01
2025-08-12,ASC,NY,Facebook - ASC - C07,220756,3094,2737.15,7818.04
2025-08-13,ASC,NY,Facebook - ASC - C07,269706,3774,2159.8,5767.4
2025-08-14,ASC,NY,Facebook - ASC - C07,173148,2551,1730.75,4493.02
2025-08-15,ASC,NY,Facebook - ASC - C07,105479,1461,597.11,1773.13
2025-08-16,ASC,NY,Facebook - ASC - C07,123472,1731,1005.59,3133.45
2025-08-17,ASC,NY,Facebook - ASC - C07,135317,1972,1579.79,3992.57
2025-08-18,ASC,NY,Facebook - ASC - C07,130885,2047,1601.11,3912.78
2025-08-19,ASC,NY,Facebook - ASC - C07,233194,3550,1665.33,4463.78
2025-08-20,ASC,NY,Facebook - ASC - C07,79298,1217,981.43,2970.67
2025-08-21,ASC,NY,Facebook - ASC - C07,141993,1989,1105.08,3399.21
2025-08-22,ASC,NY,Facebook - ASC - C07,218411,3472,2579.65,7767.01
2025-08-23,ASC,NY,Facebook - ASC - C07,184654,2682,2412.59,7054.21
2025-08-24,ASC,NY,Facebook - ASC - C07,121557,1883,1623.22,4281.97
2025-08-25,ASC,NY,Facebook - ASC - C07,122684,1987,1547.19,4909.99
2025-08-26,ASC,NY,Facebook - ASC - C07,95043,1342,1159.43,2863.53
2025-08-27,ASC,NY,Facebook - ASC - C07,102184,1594,1294.21,3806.86
2025-08-28,ASC,NY,Facebook - ASC - C07,197396,2737,1225.5,3183.5
2025-08-29,ASC,NY,Facebook - ASC - C07,126343,2021,1458.56,4684.49
2025-08-30,ASC,NY,Facebook - ASC - C07,189857,2821,2268.35,6256.17
2025-08-31,ASC,NY,Facebook - ASC - C07,94815,1372,871.06,2531.32
2025-09-01,ASC,NY,Facebook - ASC - C07,179878,2537,1902.77,5100.71
2025-09-02,ASC,NY,Facebook - ASC - C07,156990,2506,1855.65,5694.42
2025-09-03,ASC,NY,Facebook - ASC - C07,198997,3157,2032.55,5278.83
2025-09-04,ASC,NY,Facebook - ASC - C07,108378,1736,867.22,2419.63
2025-09-05,ASC,NY,Facebook - ASC - C07,139059,1953,1211.93,4031.66
2025-09-06,ASC,NY,Facebook - ASC - C07,358904,5304,2919.73,7613.49
2025-09-07,ASC,NY,Facebook - ASC - C07,301556,4625,4486.38,14742.53
2025-09-08,ASC,NY,Facebook - ASC - C07,126448,1867,1657.73,3971.41
2025-09-09,ASC,NY,Facebook - ASC - C07,249565,3746,3012.8,7425.69
2025-09-10,ASC,NY,Facebook - ASC - C07,143059,2070,1582.46,4094.82
2025-09-11,ASC,NY,Facebook - ASC - C07,180255,2881,2288.73,6589.92
2025-09-12,ASC,NY,Facebook - ASC - C07,121506,1873,855.1,2451.17
2025-05-16,ASC,CA,Facebook - Prospecting - C08,107525,1486,893.64,2245.2
2025-05-17,ASC,CA,Facebook - Prospecting - C08,128412,1747,1566.71,3905.03
2025-05-18,ASC,CA,Facebook - Prospecting - C08,187648,2972,2199.76,5539.56
2025-05-19,ASC,CA,Facebook - Prospecting - C08,120119,1896,1363.89,4008.97
2025-05-20,ASC,CA,Facebook - Prospecting - C08,250350,3431,2696.2,7495.04
2025-05-21,ASC,CA,Facebook - Prospecting - C08,140445,2125,1084.45,2680.77
2025-05-22,ASC,CA,Facebook - Prospecting - C08,183215,2885,1018.98,2673.28
2025-05-23,ASC,CA,Facebook - Prospecting - C08,143000,2154,999.63,3111
2025-05-24,ASC,CA,Facebook - Prospecting - C08,213282,3063,2766.11,7106.27
2025-05-25,ASC,CA,Facebook - Prospecting - C08,245064,3690,1640.64,4406.6
2025-05-26,ASC,CA,Facebook - Prospecting - C08,165278,2351,2300,5940.62
2025-05-27,ASC,CA,Facebook - Prospecting - C08,109999,1504,1220.36,3662.44
2025-05-28,ASC,CA,Facebook - Prospecting - C08,173071,2368,1230.7,3340.58
2025-05-29,ASC,CA,Facebook - Prospecting - C08,207220,3334,1993.03,6494.62
2025-05-30,ASC,CA,Facebook - Prospecting - C08,243116,3545,3338.04,8955.56
2025-05-31,ASC,CA,Facebook - Prospecting - C08,303689,4127,3719.54,9635.17
2025-06-01,ASC,CA,Facebook - Prospecting - C08,156972,2424,1911.22,4562.44
2025-06-02,ASC,CA,Facebook - Prospecting - C08,246320,3824,2547.68,7522.84
2025-06-03,ASC,CA,Facebook - Prospecting - C08,292176,4504,2973.13,9193.42
2025-06-04,ASC,CA,Facebook - Prospecting - C08,246163,4006,2042.97,5752.58
2025-06-05,ASC,CA,Facebook - Prospecting - C08,246015,3965,3064.95,7118.4
2025-06-06,ASC,CA,Facebook - Prospecting - C08,314809,4349,4171.31,10367.15
2025-06-07,ASC,CA,Facebook - Prospecting - C08,338076,5488,3632.76,9882.01
2025-06-08,ASC,CA,Facebook - Prospecting - C08,276513,4116,2132.6,5212.96
2025-06-09,ASC,CA,Facebook - Prospecting - C08,325825,4624,4248.1,12462.81
2025-06-10,ASC,CA,Facebook - Prospecting - C08,193777,2774,1814.21,4577.11
2025-06-11,ASC,CA,Facebook - Prospecting - C08,177543,2789,2046.81,6041.92
2025-06-12,ASC,CA,Facebook - Prospecting - C08,321044,5109,2887.97,8444.28
2025-06-13,ASC,CA,Facebook - Prospecting - C08,231568,3173,1789.11,4386.86
2025-06-14,ASC,CA,Facebook - Prospecting - C08,218819,3587,2579.71,7110.02
2025-06-15,ASC,CA,Facebook - Prospecting - C08,251191,3399,1476.43,4459.18
2025-06-16,ASC,CA,Facebook - Prospecting - C08,159672,2172,1662.25,4030
2025-06-17,ASC,CA,Facebook - Prospecting - C08,163620,2436,1601.41,4452.86
2025-06-18,ASC,CA,Facebook - Prospecting - C08,226789,3167,2520.55,6597.13
2025-06-19,ASC,CA,Facebook - Prospecting - C08,138353,2068,1203.12,3184.64
2025-06-20,ASC,CA,Facebook - Prospecting - C08,149689,2085,1247.53,3767.26
2025-06-21,ASC,CA,Facebook - Prospecting - C08,118309,1828,1327.07,3083.37
2025-06-22,ASC,CA,Facebook - Prospecting - C08,199456,3115,1387.47,4531.22
2025-06-23,ASC,CA,Facebook - Prospecting - C08,120468,1737,1326.36,3285.44
2025-06-24,ASC,CA,Facebook - Prospecting - C08,111678,1767,1481.11,3513.74
2025-06-25,ASC,CA,Facebook - Prospecting - C08,343050,5306,4256.63,12746.6
2025-06-26,ASC,CA,Facebook - Prospecting - C08,152692,2205,1051.43,2989.3
2025-06-27,ASC,CA,Facebook - Prospecting - C08,126656,1984,1346.5,3940.3
2025-06-28,ASC,CA,Facebook - Prospecting - C08,160985,2650,2063.5,5248.76
2025-06-29,ASC,CA,Facebook - Prospecting - C08,267635,3944,2251.34,6928.53
2025-06-30,ASC,CA,Facebook - Prospecting - C08,304962,4695,3759.78,11067.43
2025-07-01,ASC,CA,Facebook - Prospecting - C08,185697,2932,2339.89,7326.35
2025-07-02,ASC,CA,Facebook - Prospecting - C08,233223,3288,1727.76,5229.19
2025-07-03,ASC,CA,Facebook - Prospecting - C08,277634,3813,2349.19,5523.24
2025-07-04,ASC,CA,Facebook - Prospecting - C08,194881,2925,1239.92,3171.43
2025-07-05,ASC,CA,Facebook - Prospecting - C08,185454,2583,1802.71,5651.23
2025-07-06,ASC,CA,Facebook - Prospecting - C08,358818,4893,3640.42,11620.09
2025-07-07,ASC,CA,Facebook - Prospecting - C08,263855,4045,2749.45,7594.16
2025-07-08,ASC,CA,Facebook - Prospecting - C08,252456,3753,2802.29,8165.4
2025-07-09,ASC,CA,Facebook - Prospecting - C08,320730,5084,2937.01,7669.56
2025-07-10,ASC,CA,Facebook - Prospecting - C08,213072,2901,2558.95,7641.82
2025-07-11,ASC,CA,Facebook - Prospecting - C08,152568,2294,2090.45,5796.91
2025-07-12,ASC,CA,Facebook - Prospecting - C08,156801,2180,1109.35,2959.88
2025-07-13,ASC,CA,Facebook - Prospecting - C08,255514,4208,2200.19,5644.18
2025-07-14,ASC,CA,Facebook - Prospecting - C08,142924,2044,1734.26,4990.42
2025-07-15,ASC,CA,Facebook - Prospecting - C08,217906,3529,2505.29,6246.67
2025-07-16,ASC,CA,Facebook - Prospecting - C08,141271,2204,2084.11,5338.57
2025-07-17,ASC,CA,Facebook - Prospecting - C08,129461,2004,765.4,2364.24
2025-07-18,ASC,CA,Facebook - Prospecting - C08,181883,2651,1252.01,3598.02
2025-07-19,ASC,CA,Facebook - Prospecting - C08,232283,3815,2182.4,5607.3
2025-07-20,ASC,CA,Facebook - Prospecting - C08,205319,3168,1997.84,5174.11
2025-07-21,ASC,CA,Facebook - Prospecting - C08,164363,2289,1407.34,3945.12
2025-07-22,ASC,CA,Facebook - Prospecting - C08,199272,3104,2062.24,6154.27
2025-07-23,ASC,CA,Facebook - Prospecting - C08,227463,3580,3163.76,7893.26
2025-07-24,ASC,CA,Facebook - Prospecting - C08,74978,1115,586.12,1906.05
2025-07-25,ASC,CA,Facebook - Prospecting - C08,229389,3169,3093.11,7879.32
2025-07-26,ASC,CA,Facebook - Prospecting - C08,235447,3401,3167.44,9778.73
2025-07-27,ASC,CA,Facebook - Prospecting - C08,205376,3343,1559.47,4657.2
2025-07-28,ASC,CA,Facebook - Prospecting - C08,212793,2952,1435.15,4689.31
2025-07-29,ASC,CA,Facebook - Prospecting - C08,258873,3776,2576.34,7797.87
2025-07-30,ASC,CA,Facebook - Prospecting - C08,331488,5361,2501.59,6790.64
2025-07-31,ASC,CA,Facebook - Prospecting - C08,178847,2618,1198.79,3704.56
2025-08-01,ASC,CA,Facebook - Prospecting - C08,190727,2674,2035.8,6261.56
2025-08-02,ASC,CA,Facebook - Prospecting - C08,318984,4845,2202.65,6850.2
2025-08-03,ASC,CA,Facebook - Prospecting - C08,280010,3923,2024.55,5206.99
2025-08-04,ASC,CA,Facebook - Prospecting - C08,146068,2098,1105.42,3295.31
2025-08-05,ASC,CA,Facebook - Prospecting - C08,180983,2904,1952.35,4740.54
2025-08-06,ASC,CA,Facebook - Prospecting - C08,196550,2834,2454.93,7464.91
2025-08-07,ASC,CA,Facebook - Prospecting - C08,223641,3369,1334.72,3810.72
2025-08-08,ASC,CA,Facebook - Prospecting - C08,231669,3679,2520.42,7114.57
2025-08-09,ASC,CA,Facebook - Prospecting - C08,121910,1843,1149.05,3186.35
2025-08-10,ASC,CA,Facebook - Prospecting - C08,300863,4855,2193.68,6373.21
2025-08-11,ASC,CA,Facebook - Prospecting - C08,182765,2579,2023.78,6355.37
2025-08-12,ASC,CA,Facebook - Prospecting - C08,223352,3553,2005.99,5305.4
2025-08-13,ASC,CA,Facebook - Prospecting - C08,224293,3402,2847.3,8311.88
2025-08-14,ASC,CA,Facebook - Prospecting - C08,121380,1960,1180.73,3534.9
2025-08-15,ASC,CA,Facebook - Prospecting - C08,243124,3884,3158.13,8787.98
2025-08-16,ASC,CA,Facebook - Prospecting - C08,222539,3133,1990.69,4626.62
2025-08-17,ASC,CA,Facebook - Prospecting - C08,128165,1795,1252.89,3766.95
2025-08-18,ASC,CA,Facebook - Prospecting - C08,101749,1638,1146.38,3113.73
2025-08-19,ASC,CA,Facebook - Prospecting - C08,213009,3042,2230.54,5473.4
2025-08-20,ASC,CA,Facebook - Prospecting - C08,254158,3980,2826.65,8707.5
2025-08-21,ASC,CA,Facebook - Prospecting - C08,172227,2458,2259.42,5947.33
2025-08-22,ASC,CA,Facebook - Prospecting - C08,151649,2290,978.77,2573.11
2025-08-23,ASC,CA,Facebook - Prospecting - C08,165620,2387,2046.26,5829.61
2025-08-24,ASC,CA,Facebook - Prospecting - C08,186210,2820,2200.1,6132.53
2025-08-25,ASC,CA,Facebook - Prospecting - C08,137118,1875,987.77,2761.12
2025-08-26,ASC,CA,Facebook - Prospecting - C08,211336,3099,1626.35,5245.12
2025-08-27,ASC,CA,Facebook - Prospecting - C08,135835,1903,764.07,1939.15
2025-08-28,ASC,CA,Facebook - Prospecting - C08,99199,1468,1223.24,3688.43
2025-08-29,ASC,CA,Facebook - Prospecting - C08,121552,1752,970.62,2955.36
2025-08-30,ASC,CA,Facebook - Prospecting - C08,268600,4421,2274.62,6728.45
2025-08-31,ASC,CA,Facebook - Prospecting - C08,169501,2463,2095.79,5272.14
2025-09-01,ASC,CA,Facebook - Prospecting - C08,116495,1920,905.2,2243.08
2025-09-02,ASC,CA,Facebook - Prospecting - C08,208362,3205,2984.39,7366.02
2025-09-03,ASC,CA,Facebook - Prospecting - C08,147377,2411,863.52,2174.14
2025-09-04,ASC,CA,Facebook - Prospecting - C08,267068,3625,2937.76,7031.19
2025-09-05,ASC,CA,Facebook - Prospecting - C08,197061,3104,1724.32,4264.34
2025-09-06,ASC,CA,Facebook - Prospecting - C08,209252,2833,3139.13,7238.82
2025-09-07,ASC,CA,Facebook - Prospecting - C08,102502,1579,1042.31,2720.42
2025-09-08,ASC,CA,Facebook - Prospecting - C08,245563,3461,1578.82,4116.93
2025-09-09,ASC,CA,Facebook - Prospecting - C08,241289,3859,3166.5,10445.35
2025-09-10,ASC,CA,Facebook - Prospecting - C08,247503,3702,2607.96,6162.88
2025-09-11,ASC,CA,Facebook - Prospecting - C08,116566,1845,1452.68,4264.95
2025-09-12,ASC,CA,Facebook - Prospecting - C08,176687,2569,1348.35,3476.93
2025-05-16,Prospecting,CA,Facebook - Prospecting - C09,126087,1526,1557.18,3436.98
2025-05-17,Prospecting,CA,Facebook - Prospecting - C09,313073,3555,3619.96,8472.66
2025-05-18,Prospecting,CA,Facebook - Prospecting - C09,222080,2661,1875.65,4553.26
2025-05-19,Prospecting,CA,Facebook - Prospecting - C09,310877,3603,2549.62,6257.57
2025-05-20,Prospecting,CA,Facebook - Prospecting - C09,198156,2571,2521.79,6238.82
2025-05-21,Prospecting,CA,Facebook - Prospecting - C09,221379,2830,1819.01,4549.21
2025-05-22,Prospecting,CA,Facebook - Prospecting - C09,151139,1754,1186.76,2595.99
2025-05-23,Prospecting,CA,Facebook - Prospecting - C09,107398,1359,1110.01,2555
2025-05-24,Prospecting,CA,Facebook - Prospecting - C09,209983,2405,2905.94,6565.57
2025-05-25,Prospecting,CA,Facebook - Prospecting - C09,179089,2325,1995.69,5108.08
2025-05-26,Prospecting,CA,Facebook - Prospecting - C09,208895,2622,2858.9,6062.89
2025-05-27,Prospecting,CA,Facebook - Prospecting - C09,112963,1411,1259.44,2772.62
2025-05-28,Prospecting,CA,Facebook - Prospecting - C09,159480,1879,1880.51,4737.06
2025-05-29,Prospecting,CA,Facebook - Prospecting - C09,174286,2243,1316.96,3693.98
2025-05-30,Prospecting,CA,Facebook - Prospecting - C09,148918,1876,2027.59,4620.56
2025-05-31,Prospecting,CA,Facebook - Prospecting - C09,72274,931,740.05,1694.65
2025-06-01,Prospecting,CA,Facebook - Prospecting - C09,114655,1330,1451.31,3424.24
2025-06-02,Prospecting,CA,Facebook - Prospecting - C09,263067,3334,3448.96,9446.02
2025-06-03,Prospecting,CA,Facebook - Prospecting - C09,134058,1726,1526.4,3303.74
2025-06-04,Prospecting,CA,Facebook - Prospecting - C09,297374,3725,3717.38,8950.23
2025-06-05,Prospecting,CA,Facebook - Prospecting - C09,189732,2313,2862.84,6466.6
2025-06-06,Prospecting,CA,Facebook - Prospecting - C09,299396,3360,3677.26,10130.48
2025-06-07,Prospecting,CA,Facebook - Prospecting - C09,93099,1042,795.6,2234.26
2025-06-08,Prospecting,CA,Facebook - Prospecting - C09,167100,2135,1463.54,3686
2025-06-09,Prospecting,CA,Facebook - Prospecting - C09,131866,1632,1196.35,3002.29
2025-06-10,Prospecting,CA,Facebook - Prospecting - C09,179463,2295,1909.59,4825.7
2025-06-11,Prospecting,CA,Facebook - Prospecting - C09,181154,2376,2271.06,5770.03
2025-06-12,Prospecting,CA,Facebook - Prospecting - C09,211735,2644,1809.89,5156.1
2025-06-13,Prospecting,CA,Facebook - Prospecting - C09,204871,2512,2889.43,6372.64
2025-06-14,Prospecting,CA,Facebook - Prospecting - C09,334825,3655,5095.5,13204.12
2025-06-15,Prospecting,CA,Facebook - Prospecting - C09,262142,2971,2056.28,5203.99
2025-06-16,Prospecting,CA,Facebook - Prospecting - C09,166520,1919,1543.85,3368.8
2025-06-17,Prospecting,CA,Facebook - Prospecting - C09,246775,3046,2462,5724.93
2025-06-18,Prospecting,CA,Facebook - Prospecting - C09,97314,1121,1245.31,3138.09
2025-06-19,Prospecting,CA,Facebook - Prospecting - C09,121204,1349,1010.46,2544.02
2025-06-20,Prospecting,CA,Facebook - Prospecting - C09,224129,2548,2228.6,5538.95
2025-06-21,Prospecting,CA,Facebook - Prospecting - C09,104767,1192,1041.26,2723.88
2025-06-22,Prospecting,CA,Facebook - Prospecting - C09,105538,1383,868.16,2103.32
2025-06-23,Prospecting,CA,Facebook - Prospecting - C09,229935,2561,2135.26,5000.26
2025-06-24,Prospecting,CA,Facebook - Prospecting - C09,206425,2592,1290.99,2621.17
2025-06-25,Prospecting,CA,Facebook - Prospecting - C09,221502,2657,1584.09,4065.39
2025-06-26,Prospecting,CA,Facebook - Prospecting - C09,95078,1123,636.15,1321.99
2025-06-27,Prospecting,CA,Facebook - Prospecting - C09,77247,958,611.99,1201.85
2025-06-28,Prospecting,CA,Facebook - Prospecting - C09,169617,1999,1547.44,4047.22
2025-06-29,Prospecting,CA,Facebook - Prospecting - C09,110289,1343,817.66,1963.96
2025-06-30,Prospecting,CA,Facebook - Prospecting - C09,233748,2651,2418.2,6441.65
2025-07-01,Prospecting,CA,Facebook - Prospecting - C09,197428,2571,2266.29,5026.22
2025-07-02,Prospecting,CA,Facebook - Prospecting - C09,173628,1980,2073.41,4850.19
2025-07-03,Prospecting,CA,Facebook - Prospecting - C09,89798,1113,1167.07,2925.99
2025-07-04,Prospecting,CA,Facebook - Prospecting - C09,84156,1100,1087.18,2588.16
2025-07-05,Prospecting,CA,Facebook - Prospecting - C09,259997,3302,2891.37,6961.81
2025-07-06,Prospecting,CA,Facebook - Prospecting - C09,258974,2983,2153.19,4940.55
2025-07-07,Prospecting,CA,Facebook - Prospecting - C09,257433,3124,2740.06,7289.86
2025-07-08,Prospecting,CA,Facebook - Prospecting - C09,217147,2528,1577.34,3498.24
2025-07-09,Prospecting,CA,Facebook - Prospecting - C09,145396,1693,1334.36,2988.75
2025-07-10,Prospecting,CA,Facebook - Prospecting - C09,236606,2773,3046.9,7802.97
2025-07-11,Prospecting,CA,Facebook - Prospecting - C09,145357,1706,1172.24,2890.58
2025-07-12,Prospecting,CA,Facebook - Prospecting - C09,156567,1774,1262.21,3130.64
2025-07-13,Prospecting,CA,Facebook - Prospecting - C09,169201,1976,2130.98,4656.54
2025-07-14,Prospecting,CA,Facebook - Prospecting - C09,104430,1265,1309.34,2925.99
2025-07-15,Prospecting,CA,Facebook - Prospecting - C09,142164,1861,1627.65,3387.26
2025-07-16,Prospecting,CA,Facebook - Prospecting - C09,184039,2097,1916.97,5020.5
2025-07-17,Prospecting,CA,Facebook - Prospecting - C09,192455,2299,1954.02,4363.54
2025-07-18,Prospecting,CA,Facebook - Prospecting - C09,97283,1196,875.71,2293.46
2025-07-19,Prospecting,CA,Facebook - Prospecting - C09,294134,3394,2449.55,6244.72
2025-07-20,Prospecting,CA,Facebook - Prospecting - C09,152325,1668,1287.97,3103.25
2025-07-21,Prospecting,CA,Facebook - Prospecting - C09,117980,1556,1311.17,2850.7
2025-07-22,Prospecting,CA,Facebook - Prospecting - C09,237149,2748,1586.34,3269.59
2025-07-23,Prospecting,CA,Facebook - Prospecting - C09,242472,2863,1913.07,4215.84
2025-07-24,Prospecting,CA,Facebook - Prospecting - C09,130464,1524,981.15,2210.14
2025-07-25,Prospecting,CA,Facebook - Prospecting - C09,230977,3002,1644.9,4628.29
2025-07-26,Prospecting,CA,Facebook - Prospecting - C09,109417,1294,1103.5,2936.89
2025-07-27,Prospecting,CA,Facebook - Prospecting - C09,196311,2309,1875.66,4734.71
2025-07-28,Prospecting,CA,Facebook - Prospecting - C09,221424,2855,2290.09,6156.43
2025-07-29,Prospecting,CA,Facebook - Prospecting - C09,199566,2173,2366.52,6261.16
2025-07-30,Prospecting,CA,Facebook - Prospecting - C09,128876,1690,1261.21,2825.21
2025-07-31,Prospecting,CA,Facebook - Prospecting - C09,84825,1002,534.08,1394.66
2025-08-01,Prospecting,CA,Facebook - Prospecting - C09,241950,3095,2800.47,5863.87
2025-08-02,Prospecting,CA,Facebook - Prospecting - C09,199295,2240,1409.45,3084.39
2025-08-03,Prospecting,CA,Facebook - Prospecting - C09,231373,2844,2240.44,5104.57
2025-08-04,Prospecting,CA,Facebook - Prospecting - C09,144233,1774,1690.14,3542.19
2025-08-05,Prospecting,CA,Facebook - Prospecting - C09,161661,2015,1439.26,3205.01
2025-08-06,Prospecting,CA,Facebook - Prospecting - C09,104373,1311,978.4,2516.41
2025-08-07,Prospecting,CA,Facebook - Prospecting - C09,221674,2885,2319.32,5865.48
2025-08-08,Prospecting,CA,Facebook - Prospecting - C09,289401,3150,2159.49,5268.95
2025-08-09,Prospecting,CA,Facebook - Prospecting - C09,209339,2402,2297.53,6351.88
2025-08-10,Prospecting,CA,Facebook - Prospecting - C09,290959,3671,1821.23,3894.57
2025-08-11,Prospecting,CA,Facebook - Prospecting - C09,133956,1450,1741.07,4618.33
2025-08-12,Prospecting,CA,Facebook - Prospecting - C09,71287,802,622.96,1271.64
2025-08-13,Prospecting,CA,Facebook - Prospecting - C09,102768,1201,1023.92,2701.06
2025-08-14,Prospecting,CA,Facebook - Prospecting - C09,109758,1354,1475.23,3747.25
2025-08-15,Prospecting,CA,Facebook - Prospecting - C09,140793,1670,2127.6,5528.92
2025-08-16,Prospecting,CA,Facebook - Prospecting - C09,135984,1731,987.77,2706.04
2025-08-17,Prospecting,CA,Facebook - Prospecting - C09,172165,2003,2200.94,5837.86
2025-08-18,Prospecting,CA,Facebook - Prospecting - C09,119236,1511,1787.98,4156.71
2025-08-19,Prospecting,CA,Facebook - Prospecting - C09,117354,1289,1014.27,2760.69
2025-08-20,Prospecting,CA,Facebook - Prospecting - C09,102662,1271,666.42,1744.17
2025-08-21,Prospecting,CA,Facebook - Prospecting - C09,197244,2219,1582.88,3741.97
2025-08-22,Prospecting,CA,Facebook - Prospecting - C09,119898,1502,1114.33,2980.69
2025-08-23,Prospecting,CA,Facebook - Prospecting - C09,107202,1366,957,2649.73
2025-08-24,Prospecting,CA,Facebook - Prospecting - C09,96976,1162,1076.9,2277.54
2025-08-25,Prospecting,CA,Facebook - Prospecting - C09,104804,1301,1127.93,2651.09
2025-08-26,Prospecting,CA,Facebook - Prospecting - C09,142423,1636,1742.75,3573.55
2025-08-27,Prospecting,CA,Facebook - Prospecting - C09,141332,1654,1332.36,3093.02
2025-08-28,Prospecting,CA,Facebook - Prospecting - C09,118737,1379,1174.79,2699.42
2025-08-29,Prospecting,CA,Facebook - Prospecting - C09,107935,1167,845.03,1953.15
2025-08-30,Prospecting,CA,Facebook - Prospecting - C09,151864,1641,1409.14,2868.73
2025-08-31,Prospecting,CA,Facebook - Prospecting - C09,89136,963,1057.68,2866.3
2025-09-01,Prospecting,CA,Facebook - Prospecting - C09,171875,1933,1861.76,4283.44
2025-09-02,Prospecting,CA,Facebook - Prospecting - C09,112887,1419,1349.32,3267.96
2025-09-03,Prospecting,CA,Facebook - Prospecting - C09,264130,2917,2630.23,5646.42
2025-09-04,Prospecting,CA,Facebook - Prospecting - C09,122081,1426,1452.89,3625.46
2025-09-05,Prospecting,CA,Facebook - Prospecting - C09,106614,1364,770.84,1594.85
2025-09-06,Prospecting,CA,Facebook - Prospecting - C09,243257,2696,3225.37,6992.73
2025-09-07,Prospecting,CA,Facebook - Prospecting - C09,208227,2319,2029.95,5201.78
2025-09-08,Prospecting,CA,Facebook - Prospecting - C09,112919,1484,845.69,1757.7
2025-09-09,Prospecting,CA,Facebook - Prospecting - C09,256181,2958,3527.76,7449.8
2025-09-10,Prospecting,CA,Facebook - Prospecting - C09,166710,1955,1304.34,3676.41
2025-09-11,Prospecting,CA,Facebook - Prospecting - C09,162754,1923,1068.3,2636.6
2025-09-12,Prospecting,CA,Facebook - Prospecting - C09,194197,2301,1310.13,3095.03
2025-05-16,Prospecting,CA,Facebook - ASC - C10,107346,1323,1439.2,3583.48
2025-05-17,Prospecting,CA,Facebook - ASC - C10,170898,2062,1703.57,3766.35
2025-05-18,Prospecting,CA,Facebook - ASC - C10,150334,1665,1376.87,3234.12
2025-05-19,Prospecting,CA,Facebook - ASC - C10,177628,2283,2090.79,5791.9
2025-05-20,Prospecting,CA,Facebook - ASC - C10,166459,1845,1879.53,4580.58
2025-05-21,Prospecting,CA,Facebook - ASC - C10,91486,1191,1100.56,3012.27
2025-05-22,Prospecting,CA,Facebook - ASC - C10,157426,1931,1315.55,3227.33
2025-05-23,Prospecting,CA,Facebook - ASC - C10,191790,2489,2061.7,5405.31
2025-05-24,Prospecting,CA,Facebook - ASC - C10,209335,2707,1826.17,4719.36
2025-05-25,Prospecting,CA,Facebook - ASC - C10,151206,1898,1836.96,4279
2025-05-26,Prospecting,CA,Facebook - ASC - C10,113353,1319,1123.06,2665.82
2025-05-27,Prospecting,CA,Facebook - ASC - C10,200164,2242,1478.29,3637.72
2025-05-28,Prospecting,CA,Facebook - ASC - C10,204425,2658,1768.5,4180.09
2025-05-29,Prospecting,CA,Facebook - ASC - C10,108543,1306,1141.76,2918.33
2025-05-30,Prospecting,CA,Facebook - ASC - C10,231091,2635,2828.18,6744.19
2025-05-31,Prospecting,CA,Facebook - ASC - C10,304431,3916,2462.59,5507.23
2025-06-01,Prospecting,CA,Facebook - ASC - C10,161405,1780,1727.88,4316.73
2025-06-02,Prospecting,CA,Facebook - ASC - C10,279893,3435,2253.38,4967.82
2025-06-03,Prospecting,CA,Facebook - ASC - C10,148707,1712,1883.57,4584.65
2025-06-04,Prospecting,CA,Facebook - ASC - C10,216804,2473,2387.3,6428.36
2025-06-05,Prospecting,CA,Facebook - ASC - C10,178113,2197,2588.68,7144.4
2025-06-06,Prospecting,CA,Facebook - ASC - C10,234910,2676,3168.17,8487.64
2025-06-07,Prospecting,CA,Facebook - ASC - C10,152612,1713,1115.91,2757.24
2025-06-08,Prospecting,CA,Facebook - ASC - C10,310551,4052,2256.16,5054.56
2025-06-09,Prospecting,CA,Facebook - ASC - C10,299761,3366,2545.66,6438.27
2025-06-10,Prospecting,CA,Facebook - ASC - C10,198925,2389,1455.34,3561.72
2025-06-11,Prospecting,CA,Facebook - ASC - C10,131533,1555,1162.37,2906.67
2025-06-12,Prospecting,CA,Facebook - ASC - C10,115084,1370,920.84,1915.7
2025-06-13,Prospecting,CA,Facebook - ASC - C10,179772,2259,2718.67,6386.99
2025-06-14,Prospecting,CA,Facebook - ASC - C10,171416,2186,1612.59,4175.94
2025-06-15,Prospecting,CA,Facebook - ASC - C10,177841,1977,1097.22,2320.7
2025-06-16,Prospecting,CA,Facebook - ASC - C10,145519,1787,2002.65,4167.56
2025-06-17,Prospecting,CA,Facebook - ASC - C10,182203,2035,1864.82,5275.95
2025-06-18,Prospecting,CA,Facebook - ASC - C10,205628,2544,1983.02,5322.19
2025-06-19,Prospecting,CA,Facebook - ASC - C10,225275,2552,2768.27,7232.4
2025-06-20,Prospecting,CA,Facebook - ASC - C10,87317,1091,1154.6,2623.49
2025-06-21,Prospecting,CA,Facebook - ASC - C10,105156,1344,1107.33,2895.2
2025-06-22,Prospecting,CA,Facebook - ASC - C10,142145,1822,1215.7,3272.98
2025-06-23,Prospecting,CA,Facebook - ASC - C10,228687,2776,2048.12,4883.33
2025-06-24,Prospecting,CA,Facebook - ASC - C10,192143,2104,2368.23,5622.01
2025-06-25,Prospecting,CA,Facebook - ASC - C10,119146,1422,1293.05,3313.23
2025-06-26,Prospecting,CA,Facebook - ASC - C10,125326,1557,1382.85,2853.04
2025-06-27,Prospecting,CA,Facebook - ASC - C10,72372,940,978.07,2415.03
2025-06-28,Prospecting,CA,Facebook - ASC - C10,167511,2090,1523.38,3225.89
2025-06-29,Prospecting,CA,Facebook - ASC - C10,216761,2664,2214.55,5328.55
2025-06-30,Prospecting,CA,Facebook - ASC - C10,180783,2173,2365.49,5435.71
2025-07-01,Prospecting,CA,Facebook - ASC - C10,84419,955,1163.45,3261.77
2025-07-02,Prospecting,CA,Facebook - ASC - C10,133619,1565,785.05,1770.17
2025-07-03,Prospecting,CA,Facebook - ASC - C10,328443,3651,3629.37,7506.41
2025-07-04,Prospecting,CA,Facebook - ASC - C10,245739,2967,2589.83,6398.44
2025-07-05,Prospecting,CA,Facebook - ASC - C10,158547,2022,1308.26,3218.53
2025-07-06,Prospecting,CA,Facebook - ASC - C10,268227,3189,3869.54,9192.94
2025-07-07,Prospecting,CA,Facebook - ASC - C10,138648,1574,1577.72,3679.12
2025-07-08,Prospecting,CA,Facebook - ASC - C10,199256,2524,1850.41,4850.48
2025-07-09,Prospecting,CA,Facebook - ASC - C10,335694,4298,2486.53,6140.52
2025-07-10,Prospecting,CA,Facebook - ASC - C10,178404,2122,1314.04,2752.74
2025-07-11,Prospecting,CA,Facebook - ASC - C10,190577,2427,1176.75,2597.94
2025-07-12,Prospecting,CA,Facebook - ASC - C10,198648,2584,1574.15,3472.59
2025-07-13,Prospecting,CA,Facebook - ASC - C10,110523,1248,1474.16,3665.81
2025-07-14,Prospecting,CA,Facebook - ASC - C10,126658,1388,1430.15,3713.53
2025-07-15,Prospecting,CA,Facebook - ASC - C10,123004,1495,887.54,2194.01
2025-07-16,Prospecting,CA,Facebook - ASC - C10,104590,1326,1251.22,2681.21
2025-07-17,Prospecting,CA,Facebook - ASC - C10,150415,1917,963.51,2613.69
2025-07-18,Prospecting,CA,Facebook - ASC - C10,98141,1101,799.11,1908.15
2025-07-19,Prospecting,CA,Facebook - ASC - C10,110659,1415,650.95,1680.9
2025-07-20,Prospecting,CA,Facebook - ASC - C10,181401,2188,1471.49,4083.28
2025-07-21,Prospecting,CA,Facebook - ASC - C10,182482,2393,1395.13,3665.79
2025-07-22,Prospecting,CA,Facebook - ASC - C10,223838,2575,2858.95,6860.02
2025-07-23,Prospecting,CA,Facebook - ASC - C10,296857,3779,3934.75,9502.77
2025-07-24,Prospecting,CA,Facebook - ASC - C10,122749,1542,1085.73,2155.85
2025-07-25,Prospecting,CA,Facebook - ASC - C10,126126,1535,965.69,2400.26
2025-07-26,Prospecting,CA,Facebook - ASC - C10,79240,959,651.04,1657.14
2025-07-27,Prospecting,CA,Facebook - ASC - C10,108324,1269,1114.93,2410.27
2025-07-28,Prospecting,CA,Facebook - ASC - C10,109331,1183,732.17,1895.56
2025-07-29,Prospecting,CA,Facebook - ASC - C10,138364,1509,1598.25,3428.89
2025-07-30,Prospecting,CA,Facebook - ASC - C10,149653,1679,1328.73,2820.49
2025-07-31,Prospecting,CA,Facebook - ASC - C10,120150,1417,1410.82,3137.91
2025-08-01,Prospecting,CA,Facebook - ASC - C10,199949,2175,1604.78,4048.19
2025-08-02,Prospecting,CA,Facebook - ASC - C10,212277,2325,2541.48,6197.48
2025-08-03,Prospecting,CA,Facebook - ASC - C10,118000,1427,1056.9,2861.43
2025-08-04,Prospecting,CA,Facebook - ASC - C10,106691,1360,1163.53,2683.63
2025-08-05,Prospecting,CA,Facebook - ASC - C10,372956,4065,2579.86,5911.5
2025-08-06,Prospecting,CA,Facebook - ASC - C10,287238,3302,2052.68,4741.57
2025-08-07,Prospecting,CA,Facebook - ASC - C10,158332,1870,1938.81,4649.37
2025-08-08,Prospecting,CA,Facebook - ASC - C10,235298,2774,2169.16,4781.13
2025-08-09,Prospecting,CA,Facebook - ASC - C10,298890,3465,2635.34,6744.04
2025-08-10,Prospecting,CA,Facebook - ASC - C10,182777,1993,2163.5,5303.08
2025-08-11,Prospecting,CA,Facebook - ASC - C10,137635,1600,1086.06,2353.86
2025-08-12,Prospecting,CA,Facebook - ASC - C10,140021,1717,1129.89,2534.41
2025-08-13,Prospecting,CA,Facebook - ASC - C10,135575,1571,1039.13,2192.54
2025-08-14,Prospecting,CA,Facebook - ASC - C10,172471,2235,1441.68,3314.29
2025-08-15,Prospecting,CA,Facebook - ASC - C10,162713,1828,1064.54,2727.15
2025-08-16,Prospecting,CA,Facebook - ASC - C10,197413,2240,2257.68,5857.69
2025-08-17,Prospecting,CA,Facebook - ASC - C10,181902,1966,2296.24,5542.12
2025-08-18,Prospecting,CA,Facebook - ASC - C10,139603,1569,1140.44,2434.12
2025-08-19,Prospecting,CA,Facebook - ASC - C10,159958,1860,1264.29,2822.9
2025-08-20,Prospecting,CA,Facebook - ASC - C10,167635,2152,1985.84,4363.39
2025-08-21,Prospecting,CA,Facebook - ASC - C10,208882,2702,2159.34,5355.36
2025-08-22,Prospecting,CA,Facebook - ASC - C10,90226,1061,1174.48,3190.56
2025-08-23,Prospecting,CA,Facebook - ASC - C10,156021,1931,1150.22,2768.34
2025-08-24,Prospecting,CA,Facebook - ASC - C10,186987,2058,1595.14,4247.84
2025-08-25,Prospecting,CA,Facebook - ASC - C10,53416,613,708.75,1913.45
2025-08-26,Prospecting,CA,Facebook - ASC - C10,83594,1025,649.98,1642.21
2025-08-27,Prospecting,CA,Facebook - ASC - C10,113843,1290,698.18,1797.4
2025-08-28,Prospecting,CA,Facebook - ASC - C10,172568,2025,984.78,2028.16
2025-08-29,Prospecting,CA,Facebook - ASC - C10,95260,1196,590.38,1181.25
2025-08-30,Prospecting,CA,Facebook - ASC - C10,118293,1348,897.41,2305.01
2025-08-31,Prospecting,CA,Facebook - ASC - C10,352152,4294,3037.87,7476.15
2025-09-01,Prospecting,CA,Facebook - ASC - C10,218640,2382,2082.48,5400.56
2025-09-02,Prospecting,CA,Facebook - ASC - C10,122117,1443,722.82,1957.27
2025-09-03,Prospecting,CA,Facebook - ASC - C10,163572,1887,1344.06,3501.77
2025-09-04,Prospecting,CA,Facebook - ASC - C10,228164,2805,1664.77,3760.46
2025-09-05,Prospecting,CA,Facebook - ASC - C10,138625,1528,1736.77,3572.48
2025-09-06,Prospecting,CA,Facebook - ASC - C10,131124,1540,976.98,2810.98
2025-09-07,Prospecting,CA,Facebook - ASC - C10,213186,2421,2860.06,6934.68
2025-09-08,Prospecting,CA,Facebook - ASC - C10,128014,1542,956.31,2503.28
2025-09-09,Prospecting,CA,Facebook - ASC - C10,229377,2995,2477.56,6210.14
2025-09-10,Prospecting,CA,Facebook - ASC - C10,219641,2565,2365.55,6093
2025-09-11,Prospecting,CA,Facebook - ASC - C10,211054,2536,2349.1,5569.92
2025-09-12,Prospecting,CA,Facebook - ASC - C10,198130,2148,1537.68,3933.74
